savedID,userID,gameID,timeSaved,score,done
1,110,14,2022/12/14 00:00:00,5,1
2,200,4,2022/12/14 00:00:00,3,0
3,230,18,2022/12/14 00:00:00,3,1
4,182,8,2022/12/14 00:00:00,5,1
5,463,13,2022/12/14 00:00:00,1,0
6,403,17,2022/12/14 00:00:00,3,1
7,379,12,2022/12/14 00:00:00,1,0
8,111,33,2022/12/14 00:00:00,3,1
9,86,11,2022/12/14 00:00:00,4,1
10,324,5,2022/12/14 00:00:00,4,1
11,249,6,2022/12/14 00:00:00,1,1
12,72,5,2022/12/14 00:00:00,3,1
13,365,11,2022/12/14 00:00:00,3,1
14,283,23,2022/12/14 00:00:00,1,1
15,351,29,2022/12/14 00:00:00,1,1
16,345,7,2022/12/14 00:00:00,2,1
17,152,24,2022/12/14 00:00:00,3,0
18,218,17,2022/12/14 00:00:00,3,1
19,159,22,2022/12/14 00:00:00,3,1
20,190,18,2022/12/14 00:00:00,2,0
21,99,30,2022/12/14 00:00:00,5,0
22,370,20,2022/12/14 00:00:00,1,1
23,465,2,2022/12/14 00:00:00,5,1
24,485,1,2022/12/14 00:00:00,2,0
25,324,8,2022/12/14 00:00:00,2,0
26,182,1,2022/12/14 00:00:00,5,0
27,77,13,2022/12/14 00:00:00,5,0
28,463,7,2022/12/14 00:00:00,3,1
29,84,18,2022/12/14 00:00:00,3,0
30,16,5,2022/12/14 00:00:00,1,0
31,125,32,2022/12/14 00:00:00,2,1
32,335,9,2022/12/14 00:00:00,1,1
33,479,30,2022/12/14 00:00:00,2,1
34,117,3,2022/12/14 00:00:00,4,0
35,84,25,2022/12/14 00:00:00,5,1
36,435,33,2022/12/14 00:00:00,5,0
37,178,17,2022/12/14 00:00:00,4,1
38,253,26,2022/12/14 00:00:00,3,0
39,452,17,2022/12/14 00:00:00,4,0
40,367,33,2022/12/14 00:00:00,2,1
41,453,30,2022/12/14 00:00:00,5,1
42,365,3,2022/12/14 00:00:00,5,0
43,220,9,2022/12/14 00:00:00,1,1
44,223,28,2022/12/14 00:00:00,5,1
45,498,6,2022/12/14 00:00:00,4,1
46,181,2,2022/12/14 00:00:00,3,0
47,115,33,2022/12/14 00:00:00,4,1
48,271,27,2022/12/14 00:00:00,3,1
49,349,22,2022/12/14 00:00:00,5,0
50,241,10,2022/12/14 00:00:00,5,0
51,143,28,2022/12/14 00:00:00,5,0
52,129,13,2022/12/14 00:00:00,2,0
53,50,16,2022/12/14 00:00:00,3,0
54,230,6,2022/12/14 00:00:00,1,0
55,469,14,2022/12/14 00:00:00,5,0
56,109,31,2022/12/14 00:00:00,5,0
57,267,24,2022/12/14 00:00:00,3,0
58,245,1,2022/12/14 00:00:00,1,0
59,199,31,2022/12/14 00:00:00,2,1
60,224,15,2022/12/14 00:00:00,1,0
61,207,5,2022/12/14 00:00:00,1,0
62,229,10,2022/12/14 00:00:00,1,0
63,241,8,2022/12/14 00:00:00,1,1
64,33,25,2022/12/14 00:00:00,3,0
65,331,30,2022/12/14 00:00:00,5,0
66,266,7,2022/12/14 00:00:00,2,1
67,398,4,2022/12/14 00:00:00,5,0
68,65,20,2022/12/14 00:00:00,1,1
69,479,26,2022/12/14 00:00:00,2,0
70,406,13,2022/12/14 00:00:00,3,1
71,31,12,2022/12/14 00:00:00,2,0
72,341,13,2022/12/14 00:00:00,3,0
73,254,12,2022/12/14 00:00:00,3,0
74,437,27,2022/12/14 00:00:00,3,0
75,65,1,2022/12/14 00:00:00,5,1
76,396,6,2022/12/14 00:00:00,2,0
77,78,12,2022/12/14 00:00:00,2,0
78,131,13,2022/12/14 00:00:00,4,1
79,318,31,2022/12/14 00:00:00,5,1
80,302,22,2022/12/14 00:00:00,4,1
81,88,8,2022/12/14 00:00:00,5,0
82,6,16,2022/12/14 00:00:00,3,1
83,327,29,2022/12/14 00:00:00,5,0
84,395,13,2022/12/14 00:00:00,2,0
85,204,21,2022/12/14 00:00:00,1,1
86,296,32,2022/12/14 00:00:00,3,1
87,349,22,2022/12/14 00:00:00,5,1
88,472,11,2022/12/14 00:00:00,1,1
89,21,25,2022/12/14 00:00:00,2,0
90,372,18,2022/12/14 00:00:00,4,1
91,82,11,2022/12/14 00:00:00,1,1
92,159,13,2022/12/14 00:00:00,2,0
93,107,17,2022/12/14 00:00:00,5,0
94,205,23,2022/12/14 00:00:00,4,0
95,98,3,2022/12/14 00:00:00,1,1
96,69,4,2022/12/14 00:00:00,2,1
97,442,18,2022/12/14 00:00:00,3,1
98,408,9,2022/12/14 00:00:00,3,1
99,281,2,2022/12/14 00:00:00,5,0
100,52,2,2022/12/14 00:00:00,3,0
101,355,16,2022/12/14 00:00:00,4,0
102,121,22,2022/12/14 00:00:00,2,1
103,142,11,2022/12/14 00:00:00,1,0
104,136,4,2022/12/14 00:00:00,1,1
105,289,18,2022/12/14 00:00:00,5,0
106,249,5,2022/12/14 00:00:00,5,1
107,419,31,2022/12/14 00:00:00,1,0
108,493,18,2022/12/14 00:00:00,2,1
109,158,29,2022/12/14 00:00:00,4,0
110,97,9,2022/12/14 00:00:00,5,1
111,134,7,2022/12/14 00:00:00,2,1
112,178,14,2022/12/14 00:00:00,2,1
113,215,15,2022/12/14 00:00:00,3,1
114,169,17,2022/12/14 00:00:00,3,1
115,468,5,2022/12/14 00:00:00,1,0
116,194,30,2022/12/14 00:00:00,4,1
117,207,11,2022/12/14 00:00:00,4,0
118,319,26,2022/12/14 00:00:00,5,1
119,440,1,2022/12/14 00:00:00,4,0
120,78,1,2022/12/14 00:00:00,1,0
121,345,7,2022/12/14 00:00:00,4,0
122,60,6,2022/12/14 00:00:00,1,0
123,152,6,2022/12/14 00:00:00,5,0
124,318,6,2022/12/14 00:00:00,5,0
125,286,25,2022/12/14 00:00:00,4,1
126,219,18,2022/12/14 00:00:00,3,1
127,218,25,2022/12/14 00:00:00,3,0
128,134,22,2022/12/14 00:00:00,3,1
129,173,3,2022/12/14 00:00:00,2,1
130,472,21,2022/12/14 00:00:00,3,0
131,429,15,2022/12/14 00:00:00,2,0
132,14,14,2022/12/14 00:00:00,5,1
133,25,10,2022/12/14 00:00:00,5,0
134,202,11,2022/12/14 00:00:00,5,0
135,238,10,2022/12/14 00:00:00,1,0
136,1,9,2022/12/14 00:00:00,2,0
137,77,12,2022/12/14 00:00:00,4,0
138,179,8,2022/12/14 00:00:00,2,1
139,101,4,2022/12/14 00:00:00,4,1
140,280,17,2022/12/14 00:00:00,2,0
141,108,2,2022/12/14 00:00:00,2,0
142,240,11,2022/12/14 00:00:00,2,0
143,317,26,2022/12/14 00:00:00,4,0
144,140,4,2022/12/14 00:00:00,1,0
145,166,11,2022/12/14 00:00:00,2,0
146,135,8,2022/12/14 00:00:00,5,0
147,407,26,2022/12/14 00:00:00,1,0
148,158,20,2022/12/14 00:00:00,1,0
149,125,16,2022/12/14 00:00:00,2,1
150,227,15,2022/12/14 00:00:00,5,1
151,464,7,2022/12/14 00:00:00,2,0
152,393,2,2022/12/14 00:00:00,2,1
153,208,25,2022/12/14 00:00:00,5,1
154,102,26,2022/12/14 00:00:00,1,1
155,56,4,2022/12/14 00:00:00,3,0
156,336,23,2022/12/14 00:00:00,1,1
157,41,33,2022/12/14 00:00:00,3,1
158,164,32,2022/12/14 00:00:00,3,1
159,115,12,2022/12/14 00:00:00,1,0
160,337,22,2022/12/14 00:00:00,2,0
161,109,18,2022/12/14 00:00:00,2,1
162,269,10,2022/12/14 00:00:00,5,1
163,413,31,2022/12/14 00:00:00,4,1
164,291,1,2022/12/14 00:00:00,4,0
165,57,4,2022/12/14 00:00:00,1,1
166,419,4,2022/12/14 00:00:00,4,1
167,156,33,2022/12/14 00:00:00,2,0
168,371,3,2022/12/14 00:00:00,4,1
169,275,15,2022/12/14 00:00:00,1,1
170,203,20,2022/12/14 00:00:00,5,1
171,436,13,2022/12/14 00:00:00,1,1
172,483,20,2022/12/14 00:00:00,4,1
173,173,29,2022/12/14 00:00:00,1,0
174,432,4,2022/12/14 00:00:00,5,0
175,326,8,2022/12/14 00:00:00,2,1
176,432,17,2022/12/14 00:00:00,1,1
177,70,12,2022/12/14 00:00:00,3,0
178,498,16,2022/12/14 00:00:00,3,0
179,120,33,2022/12/14 00:00:00,2,1
180,106,29,2022/12/14 00:00:00,2,1
181,126,20,2022/12/14 00:00:00,2,1
182,417,25,2022/12/14 00:00:00,3,1
183,334,6,2022/12/14 00:00:00,3,0
184,34,11,2022/12/14 00:00:00,3,0
185,369,3,2022/12/14 00:00:00,4,1
186,318,30,2022/12/14 00:00:00,1,0
187,396,18,2022/12/14 00:00:00,4,1
188,208,2,2022/12/14 00:00:00,4,1
189,490,33,2022/12/14 00:00:00,3,0
190,11,27,2022/12/14 00:00:00,2,0
191,266,22,2022/12/14 00:00:00,3,1
192,6,22,2022/12/14 00:00:00,4,0
193,380,25,2022/12/14 00:00:00,3,0
194,372,14,2022/12/14 00:00:00,5,1
195,491,31,2022/12/14 00:00:00,2,1
196,354,10,2022/12/14 00:00:00,1,1
197,122,12,2022/12/14 00:00:00,5,1
198,181,8,2022/12/14 00:00:00,5,0
199,429,6,2022/12/14 00:00:00,1,0
200,345,12,2022/12/14 00:00:00,2,0
201,389,13,2022/12/14 00:00:00,4,0
202,89,22,2022/12/14 00:00:00,3,1
203,382,5,2022/12/14 00:00:00,4,0
204,89,1,2022/12/14 00:00:00,3,1
205,164,24,2022/12/14 00:00:00,1,1
206,465,13,2022/12/14 00:00:00,5,1
207,67,13,2022/12/14 00:00:00,4,0
208,129,3,2022/12/14 00:00:00,4,1
209,451,29,2022/12/14 00:00:00,5,1
210,493,11,2022/12/14 00:00:00,4,0
211,366,25,2022/12/14 00:00:00,3,0
212,457,23,2022/12/14 00:00:00,2,0
213,231,3,2022/12/14 00:00:00,2,1
214,458,28,2022/12/14 00:00:00,1,1
215,410,20,2022/12/14 00:00:00,4,0
216,77,3,2022/12/14 00:00:00,3,0
217,9,20,2022/12/14 00:00:00,5,0
218,329,11,2022/12/14 00:00:00,1,0
219,415,2,2022/12/14 00:00:00,4,1
220,496,32,2022/12/14 00:00:00,3,1
221,209,18,2022/12/14 00:00:00,1,1
222,385,24,2022/12/14 00:00:00,1,1
223,310,28,2022/12/14 00:00:00,1,1
224,186,19,2022/12/14 00:00:00,4,1
225,151,3,2022/12/14 00:00:00,1,0
226,260,21,2022/12/14 00:00:00,3,1
227,462,5,2022/12/14 00:00:00,1,0
228,366,20,2022/12/14 00:00:00,4,1
229,466,9,2022/12/14 00:00:00,3,1
230,398,30,2022/12/14 00:00:00,3,0
231,184,15,2022/12/14 00:00:00,3,0
232,150,19,2022/12/14 00:00:00,1,1
233,492,11,2022/12/14 00:00:00,5,0
234,295,25,2022/12/14 00:00:00,2,0
235,285,19,2022/12/14 00:00:00,1,0
236,220,8,2022/12/14 00:00:00,1,0
237,349,8,2022/12/14 00:00:00,4,0
238,431,14,2022/12/14 00:00:00,4,1
239,197,5,2022/12/14 00:00:00,1,0
240,348,21,2022/12/14 00:00:00,1,1
241,148,7,2022/12/14 00:00:00,2,0
242,303,32,2022/12/14 00:00:00,4,0
243,164,3,2022/12/14 00:00:00,1,0
244,23,19,2022/12/14 00:00:00,4,0
245,353,14,2022/12/14 00:00:00,1,0
246,2,5,2022/12/14 00:00:00,3,0
247,305,16,2022/12/14 00:00:00,5,0
248,186,27,2022/12/14 00:00:00,2,1
249,196,8,2022/12/14 00:00:00,3,0
250,69,32,2022/12/14 00:00:00,2,0
251,69,18,2022/12/14 00:00:00,3,1
252,326,31,2022/12/14 00:00:00,1,0
253,327,2,2022/12/14 00:00:00,1,0
254,188,19,2022/12/14 00:00:00,4,0
255,489,30,2022/12/14 00:00:00,5,1
256,326,2,2022/12/14 00:00:00,3,1
257,324,27,2022/12/14 00:00:00,3,1
258,79,24,2022/12/14 00:00:00,1,1
259,28,14,2022/12/14 00:00:00,4,1
260,400,31,2022/12/14 00:00:00,1,0
261,197,21,2022/12/14 00:00:00,1,1
262,169,30,2022/12/14 00:00:00,5,1
263,378,3,2022/12/14 00:00:00,5,0
264,479,24,2022/12/14 00:00:00,4,1
265,318,5,2022/12/14 00:00:00,4,1
266,43,3,2022/12/14 00:00:00,5,0
267,159,22,2022/12/14 00:00:00,5,1
268,160,1,2022/12/14 00:00:00,2,0
269,95,27,2022/12/14 00:00:00,3,1
270,60,14,2022/12/14 00:00:00,4,1
271,205,18,2022/12/14 00:00:00,4,0
272,72,20,2022/12/14 00:00:00,4,0
273,222,16,2022/12/14 00:00:00,3,0
274,318,28,2022/12/14 00:00:00,2,1
275,18,21,2022/12/14 00:00:00,4,1
276,378,17,2022/12/14 00:00:00,5,1
277,486,9,2022/12/14 00:00:00,5,0
278,500,29,2022/12/14 00:00:00,4,0
279,297,16,2022/12/14 00:00:00,5,1
280,287,1,2022/12/14 00:00:00,3,1
281,40,12,2022/12/14 00:00:00,3,0
282,218,16,2022/12/14 00:00:00,5,1
283,206,22,2022/12/14 00:00:00,5,1
284,22,33,2022/12/14 00:00:00,1,0
285,291,9,2022/12/14 00:00:00,2,1
286,93,33,2022/12/14 00:00:00,4,0
287,462,16,2022/12/14 00:00:00,4,0
288,449,23,2022/12/14 00:00:00,2,1
289,242,6,2022/12/14 00:00:00,3,1
290,272,8,2022/12/14 00:00:00,1,0
291,478,1,2022/12/14 00:00:00,5,0
292,189,15,2022/12/14 00:00:00,3,1
293,435,19,2022/12/14 00:00:00,5,0
294,139,25,2022/12/14 00:00:00,3,0
295,300,26,2022/12/14 00:00:00,5,1
296,155,23,2022/12/14 00:00:00,5,0
297,51,5,2022/12/14 00:00:00,3,1
298,395,5,2022/12/14 00:00:00,2,0
299,376,1,2022/12/14 00:00:00,1,0
300,375,3,2022/12/14 00:00:00,4,1
301,265,7,2022/12/14 00:00:00,4,1
302,283,22,2022/12/14 00:00:00,4,0
303,48,33,2022/12/14 00:00:00,4,1
304,464,25,2022/12/14 00:00:00,4,0
305,220,25,2022/12/14 00:00:00,4,0
306,363,27,2022/12/14 00:00:00,3,1
307,414,8,2022/12/14 00:00:00,4,0
308,3,31,2022/12/14 00:00:00,3,0
309,196,5,2022/12/14 00:00:00,2,1
310,93,27,2022/12/14 00:00:00,4,0
311,57,1,2022/12/14 00:00:00,1,1
312,487,30,2022/12/14 00:00:00,3,1
313,214,24,2022/12/14 00:00:00,1,0
314,332,14,2022/12/14 00:00:00,2,1
315,235,23,2022/12/14 00:00:00,1,0
316,62,19,2022/12/14 00:00:00,4,0
317,369,10,2022/12/14 00:00:00,3,0
318,136,23,2022/12/14 00:00:00,4,1
319,307,12,2022/12/14 00:00:00,2,1
320,71,29,2022/12/14 00:00:00,4,0
321,121,5,2022/12/14 00:00:00,3,1
322,236,23,2022/12/14 00:00:00,1,1
323,451,32,2022/12/14 00:00:00,5,1
324,459,2,2022/12/14 00:00:00,5,0
325,354,15,2022/12/14 00:00:00,3,0
326,422,26,2022/12/14 00:00:00,2,1
327,146,26,2022/12/14 00:00:00,1,1
328,191,5,2022/12/14 00:00:00,5,1
329,331,6,2022/12/14 00:00:00,3,1
330,273,4,2022/12/14 00:00:00,2,1
331,408,25,2022/12/14 00:00:00,1,1
332,367,7,2022/12/14 00:00:00,3,1
333,462,18,2022/12/14 00:00:00,5,1
334,348,14,2022/12/14 00:00:00,3,1
335,231,8,2022/12/14 00:00:00,4,0
336,180,10,2022/12/14 00:00:00,3,0
337,264,20,2022/12/14 00:00:00,4,1
338,295,31,2022/12/14 00:00:00,1,0
339,246,19,2022/12/14 00:00:00,2,0
340,495,33,2022/12/14 00:00:00,5,0
341,462,23,2022/12/14 00:00:00,3,1
342,473,28,2022/12/14 00:00:00,4,1
343,405,4,2022/12/14 00:00:00,3,0
344,239,2,2022/12/14 00:00:00,4,1
345,99,32,2022/12/14 00:00:00,3,1
346,231,27,2022/12/14 00:00:00,4,1
347,431,24,2022/12/14 00:00:00,5,0
348,112,1,2022/12/14 00:00:00,1,1
349,20,27,2022/12/14 00:00:00,1,0
350,296,14,2022/12/14 00:00:00,2,1
351,239,25,2022/12/14 00:00:00,2,1
352,135,32,2022/12/14 00:00:00,1,1
353,228,8,2022/12/14 00:00:00,1,0
354,242,11,2022/12/14 00:00:00,5,0
355,407,19,2022/12/14 00:00:00,5,1
356,7,26,2022/12/14 00:00:00,5,1
357,258,27,2022/12/14 00:00:00,2,1
358,486,11,2022/12/14 00:00:00,1,1
359,379,5,2022/12/14 00:00:00,5,1
360,451,27,2022/12/14 00:00:00,3,0
361,325,27,2022/12/14 00:00:00,1,0
362,425,4,2022/12/14 00:00:00,1,1
363,362,31,2022/12/14 00:00:00,5,1
364,335,32,2022/12/14 00:00:00,3,0
365,65,22,2022/12/14 00:00:00,4,1
366,362,28,2022/12/14 00:00:00,4,0
367,441,20,2022/12/14 00:00:00,5,1
368,383,19,2022/12/14 00:00:00,2,0
369,317,4,2022/12/14 00:00:00,2,0
370,227,2,2022/12/14 00:00:00,2,0
371,323,28,2022/12/14 00:00:00,5,0
372,291,27,2022/12/14 00:00:00,5,1
373,407,12,2022/12/14 00:00:00,3,0
374,469,24,2022/12/14 00:00:00,5,0
375,127,13,2022/12/14 00:00:00,3,1
376,235,22,2022/12/14 00:00:00,5,1
377,291,22,2022/12/14 00:00:00,5,0
378,347,5,2022/12/14 00:00:00,3,0
379,125,17,2022/12/14 00:00:00,2,0
380,13,3,2022/12/14 00:00:00,3,1
381,430,9,2022/12/14 00:00:00,5,0
382,403,15,2022/12/14 00:00:00,3,0
383,292,21,2022/12/14 00:00:00,3,0
384,7,16,2022/12/14 00:00:00,4,1
385,350,13,2022/12/14 00:00:00,4,0
386,334,29,2022/12/14 00:00:00,4,0
387,455,22,2022/12/14 00:00:00,1,1
388,200,10,2022/12/14 00:00:00,4,1
389,478,32,2022/12/14 00:00:00,2,1
390,253,13,2022/12/14 00:00:00,4,0
391,393,29,2022/12/14 00:00:00,5,0
392,77,15,2022/12/14 00:00:00,2,1
393,15,5,2022/12/14 00:00:00,2,0
394,185,17,2022/12/14 00:00:00,3,1
395,366,25,2022/12/14 00:00:00,2,0
396,76,16,2022/12/14 00:00:00,1,0
397,299,12,2022/12/14 00:00:00,4,0
398,67,32,2022/12/14 00:00:00,2,0
399,161,19,2022/12/14 00:00:00,4,0
400,409,30,2022/12/14 00:00:00,5,1
401,273,5,2022/12/14 00:00:00,3,0
402,141,31,2022/12/14 00:00:00,1,1
403,98,20,2022/12/14 00:00:00,1,0
404,377,2,2022/12/14 00:00:00,5,0
405,437,14,2022/12/14 00:00:00,5,1
406,134,20,2022/12/14 00:00:00,1,1
407,122,33,2022/12/14 00:00:00,2,1
408,393,7,2022/12/14 00:00:00,5,0
409,71,32,2022/12/14 00:00:00,4,1
410,42,25,2022/12/14 00:00:00,3,0
411,464,17,2022/12/14 00:00:00,1,0
412,210,4,2022/12/14 00:00:00,5,0
413,443,23,2022/12/14 00:00:00,5,1
414,292,33,2022/12/14 00:00:00,4,1
415,245,30,2022/12/14 00:00:00,2,0
416,7,7,2022/12/14 00:00:00,1,1
417,264,28,2022/12/14 00:00:00,2,1
418,342,1,2022/12/14 00:00:00,4,1
419,371,30,2022/12/14 00:00:00,3,0
420,298,27,2022/12/14 00:00:00,4,0
421,151,18,2022/12/14 00:00:00,1,0
422,66,16,2022/12/14 00:00:00,3,1
423,425,31,2022/12/14 00:00:00,2,0
424,411,11,2022/12/14 00:00:00,4,0
425,117,18,2022/12/14 00:00:00,5,1
426,471,5,2022/12/14 00:00:00,3,1
427,424,8,2022/12/14 00:00:00,2,1
428,140,7,2022/12/14 00:00:00,4,0
429,346,16,2022/12/14 00:00:00,2,1
430,397,14,2022/12/14 00:00:00,1,0
431,308,3,2022/12/14 00:00:00,5,0
432,285,18,2022/12/14 00:00:00,2,1
433,227,20,2022/12/14 00:00:00,4,0
434,61,31,2022/12/14 00:00:00,1,1
435,285,21,2022/12/14 00:00:00,5,0
436,173,22,2022/12/14 00:00:00,5,0
437,356,5,2022/12/14 00:00:00,4,1
438,226,16,2022/12/14 00:00:00,1,0
439,52,26,2022/12/14 00:00:00,1,1
440,46,9,2022/12/14 00:00:00,3,1
441,72,22,2022/12/14 00:00:00,2,0
442,12,30,2022/12/14 00:00:00,5,1
443,452,3,2022/12/14 00:00:00,5,1
444,449,4,2022/12/14 00:00:00,3,1
445,233,28,2022/12/14 00:00:00,4,0
446,484,24,2022/12/14 00:00:00,1,0
447,135,18,2022/12/14 00:00:00,5,1
448,138,3,2022/12/14 00:00:00,2,1
449,378,14,2022/12/14 00:00:00,3,0
450,96,26,2022/12/14 00:00:00,5,0
451,161,30,2022/12/14 00:00:00,4,1
452,457,23,2022/12/14 00:00:00,2,1
453,43,24,2022/12/14 00:00:00,4,1
454,466,16,2022/12/14 00:00:00,3,1
455,125,11,2022/12/14 00:00:00,4,1
456,80,23,2022/12/14 00:00:00,4,1
457,330,11,2022/12/14 00:00:00,1,1
458,154,16,2022/12/14 00:00:00,4,0
459,240,18,2022/12/14 00:00:00,5,0
460,191,10,2022/12/14 00:00:00,5,1
461,437,21,2022/12/14 00:00:00,2,1
462,261,29,2022/12/14 00:00:00,2,1
463,222,14,2022/12/14 00:00:00,2,0
464,275,26,2022/12/14 00:00:00,2,0
465,3,9,2022/12/14 00:00:00,1,0
466,138,12,2022/12/14 00:00:00,2,1
467,330,30,2022/12/14 00:00:00,4,1
468,284,33,2022/12/14 00:00:00,2,1
469,50,12,2022/12/14 00:00:00,5,1
470,43,9,2022/12/14 00:00:00,1,0
471,234,27,2022/12/14 00:00:00,3,1
472,48,22,2022/12/14 00:00:00,2,0
473,102,8,2022/12/14 00:00:00,1,0
474,458,22,2022/12/14 00:00:00,2,0
475,298,7,2022/12/14 00:00:00,2,1
476,486,1,2022/12/14 00:00:00,2,1
477,38,11,2022/12/14 00:00:00,2,1
478,481,31,2022/12/14 00:00:00,3,1
479,27,21,2022/12/14 00:00:00,2,1
480,384,12,2022/12/14 00:00:00,3,0
481,468,16,2022/12/14 00:00:00,2,0
482,276,5,2022/12/14 00:00:00,5,1
483,463,10,2022/12/14 00:00:00,5,1
484,362,28,2022/12/14 00:00:00,4,0
485,119,12,2022/12/14 00:00:00,4,0
486,102,21,2022/12/14 00:00:00,2,1
487,327,7,2022/12/14 00:00:00,2,0
488,204,12,2022/12/14 00:00:00,2,1
489,262,33,2022/12/14 00:00:00,2,0
490,95,8,2022/12/14 00:00:00,2,0
491,121,16,2022/12/14 00:00:00,2,1
492,82,21,2022/12/14 00:00:00,2,0
493,88,6,2022/12/14 00:00:00,2,0
494,239,4,2022/12/14 00:00:00,1,1
495,320,15,2022/12/14 00:00:00,3,1
496,436,29,2022/12/14 00:00:00,5,1
497,425,23,2022/12/14 00:00:00,3,1
498,203,33,2022/12/14 00:00:00,4,0
499,387,16,2022/12/14 00:00:00,5,0
500,155,17,2022/12/14 00:00:00,2,0
501,201,1,2022/12/14 00:00:00,1,1
502,7,24,2022/12/14 00:00:00,3,1
503,308,6,2022/12/14 00:00:00,2,1
504,369,30,2022/12/14 00:00:00,1,0
505,399,11,2022/12/14 00:00:00,5,0
506,375,22,2022/12/14 00:00:00,5,1
507,178,3,2022/12/14 00:00:00,4,0
508,257,29,2022/12/14 00:00:00,4,0
509,269,20,2022/12/14 00:00:00,3,0
510,29,16,2022/12/14 00:00:00,4,0
511,403,16,2022/12/14 00:00:00,5,0
512,19,4,2022/12/14 00:00:00,2,0
513,225,26,2022/12/14 00:00:00,5,1
514,254,7,2022/12/14 00:00:00,1,0
515,434,11,2022/12/14 00:00:00,2,1
516,154,2,2022/12/14 00:00:00,3,1
517,337,29,2022/12/14 00:00:00,3,0
518,281,31,2022/12/14 00:00:00,3,1
519,57,26,2022/12/14 00:00:00,4,1
520,235,14,2022/12/14 00:00:00,3,1
521,236,33,2022/12/14 00:00:00,5,1
522,93,28,2022/12/14 00:00:00,1,1
523,86,24,2022/12/14 00:00:00,5,0
524,324,14,2022/12/14 00:00:00,1,0
525,252,18,2022/12/14 00:00:00,5,0
526,432,13,2022/12/14 00:00:00,1,0
527,491,8,2022/12/14 00:00:00,3,1
528,198,12,2022/12/14 00:00:00,3,0
529,216,31,2022/12/14 00:00:00,1,1
530,433,33,2022/12/14 00:00:00,5,0
531,222,23,2022/12/14 00:00:00,1,1
532,451,13,2022/12/14 00:00:00,2,1
533,448,23,2022/12/14 00:00:00,3,0
534,57,30,2022/12/14 00:00:00,3,0
535,294,3,2022/12/14 00:00:00,3,0
536,195,25,2022/12/14 00:00:00,5,1
537,62,16,2022/12/14 00:00:00,2,1
538,378,29,2022/12/14 00:00:00,2,1
539,378,33,2022/12/14 00:00:00,3,0
540,100,12,2022/12/14 00:00:00,5,1
541,324,20,2022/12/14 00:00:00,1,0
542,365,8,2022/12/14 00:00:00,4,1
543,153,32,2022/12/14 00:00:00,3,1
544,3,3,2022/12/14 00:00:00,4,0
545,255,7,2022/12/14 00:00:00,1,1
546,223,7,2022/12/14 00:00:00,4,1
547,341,9,2022/12/14 00:00:00,5,0
548,11,18,2022/12/14 00:00:00,4,1
549,477,18,2022/12/14 00:00:00,3,0
550,288,2,2022/12/14 00:00:00,1,0
551,493,21,2022/12/14 00:00:00,5,0
552,113,24,2022/12/14 00:00:00,5,1
553,127,26,2022/12/14 00:00:00,2,0
554,120,6,2022/12/14 00:00:00,4,1
555,486,22,2022/12/14 00:00:00,2,0
556,69,6,2022/12/14 00:00:00,2,0
557,14,24,2022/12/14 00:00:00,2,0
558,205,1,2022/12/14 00:00:00,2,1
559,263,19,2022/12/14 00:00:00,2,1
560,237,19,2022/12/14 00:00:00,4,0
561,342,21,2022/12/14 00:00:00,1,1
562,174,7,2022/12/14 00:00:00,5,0
563,220,2,2022/12/14 00:00:00,5,0
564,361,14,2022/12/14 00:00:00,1,1
565,106,28,2022/12/14 00:00:00,3,0
566,24,21,2022/12/14 00:00:00,3,1
567,423,1,2022/12/14 00:00:00,3,1
568,276,1,2022/12/14 00:00:00,5,1
569,329,33,2022/12/14 00:00:00,4,0
570,119,5,2022/12/14 00:00:00,1,1
571,39,23,2022/12/14 00:00:00,2,1
572,440,17,2022/12/14 00:00:00,5,1
573,35,7,2022/12/14 00:00:00,5,1
574,404,4,2022/12/14 00:00:00,4,1
575,259,30,2022/12/14 00:00:00,1,1
576,195,28,2022/12/14 00:00:00,2,0
577,463,17,2022/12/14 00:00:00,3,0
578,105,29,2022/12/14 00:00:00,2,1
579,53,10,2022/12/14 00:00:00,5,1
580,78,3,2022/12/14 00:00:00,5,0
581,85,7,2022/12/14 00:00:00,1,1
582,142,29,2022/12/14 00:00:00,4,0
583,266,9,2022/12/14 00:00:00,5,0
584,385,25,2022/12/14 00:00:00,1,0
585,57,12,2022/12/14 00:00:00,5,0
586,33,10,2022/12/14 00:00:00,2,0
587,190,13,2022/12/14 00:00:00,4,0
588,489,4,2022/12/14 00:00:00,3,1
589,368,20,2022/12/14 00:00:00,3,0
590,112,30,2022/12/14 00:00:00,5,0
591,281,27,2022/12/14 00:00:00,2,0
592,440,29,2022/12/14 00:00:00,4,0
593,332,22,2022/12/14 00:00:00,1,1
594,46,23,2022/12/14 00:00:00,4,1
595,132,24,2022/12/14 00:00:00,5,0
596,218,31,2022/12/14 00:00:00,4,1
597,24,22,2022/12/14 00:00:00,3,1
598,170,13,2022/12/14 00:00:00,5,0
599,30,31,2022/12/14 00:00:00,2,0
600,319,20,2022/12/14 00:00:00,5,1
601,315,19,2022/12/14 00:00:00,1,1
602,319,31,2022/12/14 00:00:00,2,0
603,145,9,2022/12/14 00:00:00,3,0
604,126,8,2022/12/14 00:00:00,4,0
605,375,12,2022/12/14 00:00:00,3,1
606,396,29,2022/12/14 00:00:00,3,0
607,380,33,2022/12/14 00:00:00,3,1
608,112,18,2022/12/14 00:00:00,1,1
609,477,20,2022/12/14 00:00:00,5,1
610,101,25,2022/12/14 00:00:00,2,1
611,49,8,2022/12/14 00:00:00,1,1
612,364,32,2022/12/14 00:00:00,5,0
613,204,16,2022/12/14 00:00:00,2,0
614,45,33,2022/12/14 00:00:00,3,0
615,379,22,2022/12/14 00:00:00,3,1
616,334,6,2022/12/14 00:00:00,3,1
617,70,17,2022/12/14 00:00:00,5,0
618,283,23,2022/12/14 00:00:00,1,1
619,359,8,2022/12/14 00:00:00,3,0
620,454,9,2022/12/14 00:00:00,4,0
621,351,4,2022/12/14 00:00:00,5,1
622,38,33,2022/12/14 00:00:00,2,1
623,472,30,2022/12/14 00:00:00,5,1
624,404,10,2022/12/14 00:00:00,2,0
625,485,6,2022/12/14 00:00:00,3,1
626,115,12,2022/12/14 00:00:00,1,0
627,334,28,2022/12/14 00:00:00,5,0
628,328,11,2022/12/14 00:00:00,5,0
629,312,7,2022/12/14 00:00:00,4,0
630,249,14,2022/12/14 00:00:00,1,0
631,446,15,2022/12/14 00:00:00,5,1
632,147,20,2022/12/14 00:00:00,5,0
633,24,6,2022/12/14 00:00:00,2,0
634,60,12,2022/12/14 00:00:00,3,0
635,114,25,2022/12/14 00:00:00,5,1
636,259,1,2022/12/14 00:00:00,5,0
637,449,14,2022/12/14 00:00:00,1,0
638,441,24,2022/12/14 00:00:00,2,0
639,181,27,2022/12/14 00:00:00,4,1
640,136,30,2022/12/14 00:00:00,1,1
641,436,15,2022/12/14 00:00:00,3,0
642,269,26,2022/12/14 00:00:00,5,1
643,232,28,2022/12/14 00:00:00,4,1
644,91,7,2022/12/14 00:00:00,4,1
645,183,27,2022/12/14 00:00:00,3,0
646,44,14,2022/12/14 00:00:00,5,0
647,209,14,2022/12/14 00:00:00,2,0
648,72,24,2022/12/14 00:00:00,2,1
649,403,23,2022/12/14 00:00:00,2,1
650,311,1,2022/12/14 00:00:00,5,0
651,270,10,2022/12/14 00:00:00,5,1
652,128,30,2022/12/14 00:00:00,2,0
653,478,4,2022/12/14 00:00:00,2,0
654,48,1,2022/12/14 00:00:00,4,1
655,409,32,2022/12/14 00:00:00,5,0
656,64,13,2022/12/14 00:00:00,2,0
657,388,22,2022/12/14 00:00:00,5,0
658,255,17,2022/12/14 00:00:00,4,1
659,472,8,2022/12/14 00:00:00,1,0
660,419,5,2022/12/14 00:00:00,5,1
661,10,12,2022/12/14 00:00:00,1,1
662,118,21,2022/12/14 00:00:00,5,0
663,145,23,2022/12/14 00:00:00,4,0
664,277,7,2022/12/14 00:00:00,2,0
665,482,16,2022/12/14 00:00:00,3,1
666,426,6,2022/12/14 00:00:00,2,1
667,144,26,2022/12/14 00:00:00,4,0
668,211,1,2022/12/14 00:00:00,5,1
669,127,23,2022/12/14 00:00:00,2,0
670,362,28,2022/12/14 00:00:00,1,1
671,350,26,2022/12/14 00:00:00,2,1
672,474,23,2022/12/14 00:00:00,3,1
673,282,17,2022/12/14 00:00:00,5,1
674,292,3,2022/12/14 00:00:00,2,1
675,85,2,2022/12/14 00:00:00,5,0
676,51,32,2022/12/14 00:00:00,3,1
677,75,20,2022/12/14 00:00:00,5,0
678,339,3,2022/12/14 00:00:00,5,1
679,3,3,2022/12/14 00:00:00,4,1
680,489,28,2022/12/14 00:00:00,4,1
681,405,29,2022/12/14 00:00:00,2,0
682,394,15,2022/12/14 00:00:00,4,0
683,408,8,2022/12/14 00:00:00,5,1
684,290,4,2022/12/14 00:00:00,2,0
685,149,18,2022/12/14 00:00:00,1,1
686,474,18,2022/12/14 00:00:00,3,0
687,20,31,2022/12/14 00:00:00,2,0
688,409,2,2022/12/14 00:00:00,1,0
689,228,10,2022/12/14 00:00:00,2,1
690,202,8,2022/12/14 00:00:00,2,0
691,216,16,2022/12/14 00:00:00,3,1
692,325,8,2022/12/14 00:00:00,2,0
693,202,31,2022/12/14 00:00:00,3,0
694,408,28,2022/12/14 00:00:00,4,1
695,25,15,2022/12/14 00:00:00,4,1
696,69,24,2022/12/14 00:00:00,5,1
697,370,6,2022/12/14 00:00:00,1,0
698,489,28,2022/12/14 00:00:00,1,1
699,311,26,2022/12/14 00:00:00,3,0
700,117,17,2022/12/14 00:00:00,1,0
701,116,9,2022/12/14 00:00:00,5,1
702,10,18,2022/12/14 00:00:00,2,0
703,439,33,2022/12/14 00:00:00,3,1
704,345,25,2022/12/14 00:00:00,5,1
705,146,33,2022/12/14 00:00:00,2,0
706,460,27,2022/12/14 00:00:00,4,1
707,100,9,2022/12/14 00:00:00,3,0
708,495,28,2022/12/14 00:00:00,5,1
709,30,32,2022/12/14 00:00:00,3,0
710,470,24,2022/12/14 00:00:00,5,0
711,341,29,2022/12/14 00:00:00,1,1
712,300,18,2022/12/14 00:00:00,4,0
713,459,11,2022/12/14 00:00:00,2,1
714,56,16,2022/12/14 00:00:00,3,0
715,190,31,2022/12/14 00:00:00,2,0
716,244,7,2022/12/14 00:00:00,5,1
717,474,13,2022/12/14 00:00:00,3,0
718,191,21,2022/12/14 00:00:00,4,1
719,480,8,2022/12/14 00:00:00,2,0
720,500,21,2022/12/14 00:00:00,5,1
721,182,3,2022/12/14 00:00:00,2,0
722,457,12,2022/12/14 00:00:00,4,1
723,180,15,2022/12/14 00:00:00,3,1
724,494,33,2022/12/14 00:00:00,3,0
725,272,9,2022/12/14 00:00:00,4,0
726,105,18,2022/12/14 00:00:00,4,1
727,135,10,2022/12/14 00:00:00,3,1
728,325,1,2022/12/14 00:00:00,3,1
729,194,27,2022/12/14 00:00:00,1,0
730,87,13,2022/12/14 00:00:00,5,1
731,27,30,2022/12/14 00:00:00,5,0
732,318,15,2022/12/14 00:00:00,2,1
733,285,24,2022/12/14 00:00:00,2,0
734,356,22,2022/12/14 00:00:00,4,0
735,325,11,2022/12/14 00:00:00,1,1
736,163,23,2022/12/14 00:00:00,2,0
737,360,3,2022/12/14 00:00:00,2,1
738,312,19,2022/12/14 00:00:00,2,0
739,341,25,2022/12/14 00:00:00,1,1
740,316,15,2022/12/14 00:00:00,1,1
741,245,14,2022/12/14 00:00:00,5,1
742,325,18,2022/12/14 00:00:00,5,0
743,106,28,2022/12/14 00:00:00,2,0
744,368,13,2022/12/14 00:00:00,3,1
745,87,10,2022/12/14 00:00:00,5,1
746,49,18,2022/12/14 00:00:00,2,1
747,69,24,2022/12/14 00:00:00,1,1
748,464,17,2022/12/14 00:00:00,1,0
749,318,30,2022/12/14 00:00:00,1,1
750,53,33,2022/12/14 00:00:00,5,0
751,237,33,2022/12/14 00:00:00,1,1
752,62,10,2022/12/14 00:00:00,2,0
753,500,7,2022/12/14 00:00:00,1,0
754,334,26,2022/12/14 00:00:00,2,0
755,56,4,2022/12/14 00:00:00,5,0
756,57,13,2022/12/14 00:00:00,4,1
757,76,8,2022/12/14 00:00:00,2,0
758,134,8,2022/12/14 00:00:00,1,1
759,105,11,2022/12/14 00:00:00,2,0
760,14,4,2022/12/14 00:00:00,3,1
761,56,17,2022/12/14 00:00:00,4,1
762,214,1,2022/12/14 00:00:00,2,0
763,234,27,2022/12/14 00:00:00,1,0
764,233,3,2022/12/14 00:00:00,1,0
765,190,29,2022/12/14 00:00:00,1,0
766,430,31,2022/12/14 00:00:00,3,1
767,28,7,2022/12/14 00:00:00,2,0
768,274,32,2022/12/14 00:00:00,2,1
769,151,27,2022/12/14 00:00:00,3,1
770,65,5,2022/12/14 00:00:00,3,0
771,64,21,2022/12/14 00:00:00,4,1
772,45,1,2022/12/14 00:00:00,1,1
773,352,17,2022/12/14 00:00:00,1,0
774,352,27,2022/12/14 00:00:00,1,1
775,399,15,2022/12/14 00:00:00,3,1
776,129,32,2022/12/14 00:00:00,3,0
777,476,29,2022/12/14 00:00:00,2,1
778,332,15,2022/12/14 00:00:00,4,1
779,487,13,2022/12/14 00:00:00,1,0
780,174,20,2022/12/14 00:00:00,4,0
781,9,7,2022/12/14 00:00:00,4,1
782,144,10,2022/12/14 00:00:00,1,0
783,416,18,2022/12/14 00:00:00,3,0
784,112,10,2022/12/14 00:00:00,3,0
785,36,31,2022/12/14 00:00:00,4,0
786,80,31,2022/12/14 00:00:00,4,1
787,245,19,2022/12/14 00:00:00,4,1
788,43,26,2022/12/14 00:00:00,3,0
789,87,13,2022/12/14 00:00:00,1,0
790,365,32,2022/12/14 00:00:00,1,0
791,89,10,2022/12/14 00:00:00,2,0
792,164,14,2022/12/14 00:00:00,5,0
793,7,11,2022/12/14 00:00:00,4,0
794,331,4,2022/12/14 00:00:00,3,1
795,205,16,2022/12/14 00:00:00,4,1
796,82,24,2022/12/14 00:00:00,2,1
797,370,7,2022/12/14 00:00:00,4,0
798,202,5,2022/12/14 00:00:00,3,0
799,19,25,2022/12/14 00:00:00,2,1
800,408,7,2022/12/14 00:00:00,4,1
801,321,32,2022/12/14 00:00:00,1,1
802,362,28,2022/12/14 00:00:00,3,0
803,460,31,2022/12/14 00:00:00,2,0
804,461,4,2022/12/14 00:00:00,2,0
805,140,8,2022/12/14 00:00:00,5,0
806,391,6,2022/12/14 00:00:00,2,0
807,201,17,2022/12/14 00:00:00,1,0
808,67,8,2022/12/14 00:00:00,2,1
809,279,9,2022/12/14 00:00:00,2,0
810,322,33,2022/12/14 00:00:00,1,0
811,481,7,2022/12/14 00:00:00,4,1
812,478,28,2022/12/14 00:00:00,2,1
813,46,30,2022/12/14 00:00:00,3,1
814,333,3,2022/12/14 00:00:00,2,1
815,197,16,2022/12/14 00:00:00,4,0
816,384,30,2022/12/14 00:00:00,5,0
817,252,25,2022/12/14 00:00:00,2,1
818,214,26,2022/12/14 00:00:00,5,0
819,155,23,2022/12/14 00:00:00,1,1
820,488,8,2022/12/14 00:00:00,1,1
821,212,28,2022/12/14 00:00:00,3,0
822,495,29,2022/12/14 00:00:00,3,1
823,16,4,2022/12/14 00:00:00,4,1
824,6,25,2022/12/14 00:00:00,4,0
825,397,28,2022/12/14 00:00:00,2,0
826,379,7,2022/12/14 00:00:00,2,0
827,82,7,2022/12/14 00:00:00,1,0
828,46,32,2022/12/14 00:00:00,3,0
829,486,19,2022/12/14 00:00:00,2,0
830,395,23,2022/12/14 00:00:00,5,0
831,481,2,2022/12/14 00:00:00,1,0
832,447,5,2022/12/14 00:00:00,4,0
833,360,26,2022/12/14 00:00:00,4,0
834,60,13,2022/12/14 00:00:00,3,0
835,259,16,2022/12/14 00:00:00,3,0
836,331,14,2022/12/14 00:00:00,1,0
837,118,29,2022/12/14 00:00:00,1,0
838,87,2,2022/12/14 00:00:00,4,1
839,324,16,2022/12/14 00:00:00,1,1
840,143,18,2022/12/14 00:00:00,5,1
841,447,31,2022/12/14 00:00:00,5,0
842,98,15,2022/12/14 00:00:00,1,1
843,162,19,2022/12/14 00:00:00,4,0
844,338,9,2022/12/14 00:00:00,4,0
845,392,14,2022/12/14 00:00:00,4,1
846,210,6,2022/12/14 00:00:00,3,0
847,439,24,2022/12/14 00:00:00,3,1
848,67,25,2022/12/14 00:00:00,1,1
849,125,31,2022/12/14 00:00:00,1,0
850,54,14,2022/12/14 00:00:00,3,1
851,350,1,2022/12/14 00:00:00,2,1
852,357,33,2022/12/14 00:00:00,1,0
853,178,30,2022/12/14 00:00:00,4,0
854,171,12,2022/12/14 00:00:00,4,1
855,388,15,2022/12/14 00:00:00,3,0
856,51,32,2022/12/14 00:00:00,5,1
857,407,11,2022/12/14 00:00:00,1,1
858,451,16,2022/12/14 00:00:00,2,1
859,112,24,2022/12/14 00:00:00,1,0
860,289,8,2022/12/14 00:00:00,5,1
861,211,19,2022/12/14 00:00:00,1,1
862,232,11,2022/12/14 00:00:00,3,0
863,110,30,2022/12/14 00:00:00,5,0
864,350,1,2022/12/14 00:00:00,1,1
865,179,5,2022/12/14 00:00:00,1,0
866,474,32,2022/12/14 00:00:00,1,0
867,114,26,2022/12/14 00:00:00,2,0
868,418,33,2022/12/14 00:00:00,4,0
869,56,1,2022/12/14 00:00:00,5,1
870,373,28,2022/12/14 00:00:00,5,0
871,306,5,2022/12/14 00:00:00,3,1
872,116,33,2022/12/14 00:00:00,3,1
873,423,11,2022/12/14 00:00:00,1,1
874,404,2,2022/12/14 00:00:00,3,0
875,2,28,2022/12/14 00:00:00,4,0
876,131,19,2022/12/14 00:00:00,4,0
877,378,9,2022/12/14 00:00:00,3,1
878,210,15,2022/12/14 00:00:00,4,0
879,180,22,2022/12/14 00:00:00,2,1
880,474,21,2022/12/14 00:00:00,3,0
881,109,16,2022/12/14 00:00:00,5,1
882,360,27,2022/12/14 00:00:00,1,1
883,186,11,2022/12/14 00:00:00,2,0
884,246,14,2022/12/14 00:00:00,1,1
885,465,3,2022/12/14 00:00:00,3,1
886,95,21,2022/12/14 00:00:00,1,0
887,396,30,2022/12/14 00:00:00,2,0
888,62,13,2022/12/14 00:00:00,4,0
889,394,28,2022/12/14 00:00:00,5,1
890,398,4,2022/12/14 00:00:00,5,1
891,21,5,2022/12/14 00:00:00,3,0
892,95,27,2022/12/14 00:00:00,1,0
893,320,19,2022/12/14 00:00:00,3,1
894,44,15,2022/12/14 00:00:00,4,1
895,301,20,2022/12/14 00:00:00,5,0
896,147,2,2022/12/14 00:00:00,3,1
897,427,19,2022/12/14 00:00:00,3,0
898,99,32,2022/12/14 00:00:00,1,1
899,208,4,2022/12/14 00:00:00,1,1
900,27,31,2022/12/14 00:00:00,1,0
901,90,10,2022/12/14 00:00:00,2,0
902,459,16,2022/12/14 00:00:00,4,1
903,237,5,2022/12/14 00:00:00,4,0
904,440,28,2022/12/14 00:00:00,3,0
905,460,10,2022/12/14 00:00:00,1,0
906,61,21,2022/12/14 00:00:00,1,0
907,365,12,2022/12/14 00:00:00,3,0
908,266,13,2022/12/14 00:00:00,3,1
909,469,31,2022/12/14 00:00:00,1,0
910,366,33,2022/12/14 00:00:00,2,0
911,174,23,2022/12/14 00:00:00,2,0
912,490,31,2022/12/14 00:00:00,2,0
913,257,31,2022/12/14 00:00:00,3,1
914,314,12,2022/12/14 00:00:00,3,0
915,142,12,2022/12/14 00:00:00,2,0
916,144,11,2022/12/14 00:00:00,5,0
917,309,15,2022/12/14 00:00:00,2,1
918,100,22,2022/12/14 00:00:00,3,1
919,237,18,2022/12/14 00:00:00,2,0
920,118,19,2022/12/14 00:00:00,5,1
921,452,29,2022/12/14 00:00:00,4,0
922,322,26,2022/12/14 00:00:00,5,0
923,244,13,2022/12/14 00:00:00,4,0
924,104,20,2022/12/14 00:00:00,2,0
925,172,15,2022/12/14 00:00:00,2,1
926,86,23,2022/12/14 00:00:00,5,1
927,400,16,2022/12/14 00:00:00,3,1
928,314,27,2022/12/14 00:00:00,5,1
929,385,4,2022/12/14 00:00:00,1,0
930,212,26,2022/12/14 00:00:00,4,0
931,9,18,2022/12/14 00:00:00,4,0
932,257,17,2022/12/14 00:00:00,5,0
933,430,2,2022/12/14 00:00:00,2,1
934,151,24,2022/12/14 00:00:00,2,0
935,240,8,2022/12/14 00:00:00,1,0
936,259,19,2022/12/14 00:00:00,1,1
937,312,21,2022/12/14 00:00:00,5,0
938,191,29,2022/12/14 00:00:00,2,1
939,108,16,2022/12/14 00:00:00,3,0
940,423,1,2022/12/14 00:00:00,4,0
941,161,25,2022/12/14 00:00:00,4,0
942,399,22,2022/12/14 00:00:00,1,0
943,266,11,2022/12/14 00:00:00,4,1
944,442,15,2022/12/14 00:00:00,4,0
945,136,11,2022/12/14 00:00:00,4,0
946,42,19,2022/12/14 00:00:00,2,1
947,217,33,2022/12/14 00:00:00,5,1
948,222,12,2022/12/14 00:00:00,1,0
949,151,17,2022/12/14 00:00:00,1,0
950,70,2,2022/12/14 00:00:00,1,0
951,190,25,2022/12/14 00:00:00,1,0
952,35,11,2022/12/14 00:00:00,2,0
953,90,14,2022/12/14 00:00:00,2,0
954,34,20,2022/12/14 00:00:00,3,0
955,167,5,2022/12/14 00:00:00,1,1
956,155,23,2022/12/14 00:00:00,5,1
957,268,29,2022/12/14 00:00:00,3,1
958,172,14,2022/12/14 00:00:00,3,1
959,417,26,2022/12/14 00:00:00,4,1
960,340,27,2022/12/14 00:00:00,3,1
961,279,23,2022/12/14 00:00:00,1,0
962,489,26,2022/12/14 00:00:00,3,0
963,267,32,2022/12/14 00:00:00,5,0
964,449,19,2022/12/14 00:00:00,1,1
965,141,28,2022/12/14 00:00:00,2,1
966,222,29,2022/12/14 00:00:00,2,1
967,17,13,2022/12/14 00:00:00,5,1
968,270,19,2022/12/14 00:00:00,5,0
969,184,13,2022/12/14 00:00:00,3,1
970,368,8,2022/12/14 00:00:00,3,0
971,358,7,2022/12/14 00:00:00,2,1
972,458,32,2022/12/14 00:00:00,4,1
973,238,6,2022/12/14 00:00:00,3,1
974,150,10,2022/12/14 00:00:00,4,0
975,271,5,2022/12/14 00:00:00,3,0
976,66,2,2022/12/14 00:00:00,3,1
977,391,19,2022/12/14 00:00:00,2,1
978,177,30,2022/12/14 00:00:00,5,0
979,25,5,2022/12/14 00:00:00,3,1
980,487,15,2022/12/14 00:00:00,5,1
981,307,9,2022/12/14 00:00:00,5,0
982,473,25,2022/12/14 00:00:00,1,0
983,213,12,2022/12/14 00:00:00,1,1
984,120,5,2022/12/14 00:00:00,5,0
985,99,30,2022/12/14 00:00:00,1,1
986,171,16,2022/12/14 00:00:00,1,1
987,415,10,2022/12/14 00:00:00,3,0
988,477,15,2022/12/14 00:00:00,2,1
989,342,16,2022/12/14 00:00:00,2,1
990,371,21,2022/12/14 00:00:00,4,0
991,219,12,2022/12/14 00:00:00,1,0
992,64,18,2022/12/14 00:00:00,5,0
993,33,24,2022/12/14 00:00:00,5,1
994,449,4,2022/12/14 00:00:00,3,0
995,349,26,2022/12/14 00:00:00,4,1
996,311,1,2022/12/14 00:00:00,4,0
997,102,13,2022/12/14 00:00:00,5,1
998,226,24,2022/12/14 00:00:00,5,0
999,178,20,2022/12/14 00:00:00,3,0
1000,328,2,2022/12/14 00:00:00,5,0
1001,239,12,2022/12/14 00:00:00,2,1
1002,46,6,2022/12/14 00:00:00,3,0
1003,66,26,2022/12/14 00:00:00,1,0
1004,225,11,2022/12/14 00:00:00,4,1
1005,61,15,2022/12/14 00:00:00,5,0
1006,403,6,2022/12/14 00:00:00,5,1
1007,272,26,2022/12/14 00:00:00,4,1
1008,293,30,2022/12/14 00:00:00,5,1
1009,364,6,2022/12/14 00:00:00,3,1
1010,141,9,2022/12/14 00:00:00,5,1
1011,21,6,2022/12/14 00:00:00,3,0
1012,269,17,2022/12/14 00:00:00,3,1
1013,218,28,2022/12/14 00:00:00,4,1
1014,72,27,2022/12/14 00:00:00,2,0
1015,100,2,2022/12/14 00:00:00,1,1
1016,161,6,2022/12/14 00:00:00,3,0
1017,313,5,2022/12/14 00:00:00,5,0
1018,87,23,2022/12/14 00:00:00,2,1
1019,205,25,2022/12/14 00:00:00,5,1
1020,340,5,2022/12/14 00:00:00,1,1
1021,327,18,2022/12/14 00:00:00,1,1
1022,58,2,2022/12/14 00:00:00,4,1
1023,409,23,2022/12/14 00:00:00,5,1
1024,100,24,2022/12/14 00:00:00,2,1
1025,73,6,2022/12/14 00:00:00,2,0
1026,122,22,2022/12/14 00:00:00,1,0
1027,25,5,2022/12/14 00:00:00,5,1
1028,166,22,2022/12/14 00:00:00,4,1
1029,188,27,2022/12/14 00:00:00,3,1
1030,448,5,2022/12/14 00:00:00,4,1
1031,113,32,2022/12/14 00:00:00,3,0
1032,435,6,2022/12/14 00:00:00,3,1
1033,408,25,2022/12/14 00:00:00,5,0
1034,437,31,2022/12/14 00:00:00,4,0
1035,408,33,2022/12/14 00:00:00,1,1
1036,236,7,2022/12/14 00:00:00,1,0
1037,54,10,2022/12/14 00:00:00,2,1
1038,57,24,2022/12/14 00:00:00,5,1
1039,307,25,2022/12/14 00:00:00,2,1
1040,207,32,2022/12/14 00:00:00,3,0
1041,67,29,2022/12/14 00:00:00,4,0
1042,252,30,2022/12/14 00:00:00,4,1
1043,26,22,2022/12/14 00:00:00,4,1
1044,318,13,2022/12/14 00:00:00,1,0
1045,29,18,2022/12/14 00:00:00,3,1
1046,50,9,2022/12/14 00:00:00,2,0
1047,195,26,2022/12/14 00:00:00,3,1
1048,438,33,2022/12/14 00:00:00,4,1
1049,84,2,2022/12/14 00:00:00,5,0
1050,100,23,2022/12/14 00:00:00,4,1
1051,169,17,2022/12/14 00:00:00,5,0
1052,220,6,2022/12/14 00:00:00,1,0
1053,51,5,2022/12/14 00:00:00,2,1
1054,259,31,2022/12/14 00:00:00,5,0
1055,500,25,2022/12/14 00:00:00,2,1
1056,31,14,2022/12/14 00:00:00,4,0
1057,101,5,2022/12/14 00:00:00,2,0
1058,93,16,2022/12/14 00:00:00,1,0
1059,416,24,2022/12/14 00:00:00,3,1
1060,214,3,2022/12/14 00:00:00,4,0
1061,146,32,2022/12/14 00:00:00,3,1
1062,301,30,2022/12/14 00:00:00,2,0
1063,463,18,2022/12/14 00:00:00,4,0
1064,484,7,2022/12/14 00:00:00,2,1
1065,64,16,2022/12/14 00:00:00,3,1
1066,313,19,2022/12/14 00:00:00,2,0
1067,260,9,2022/12/14 00:00:00,3,0
1068,230,6,2022/12/14 00:00:00,2,0
1069,12,3,2022/12/14 00:00:00,1,0
1070,482,3,2022/12/14 00:00:00,4,0
1071,439,3,2022/12/14 00:00:00,4,1
1072,241,11,2022/12/14 00:00:00,2,1
1073,134,27,2022/12/14 00:00:00,1,0
1074,476,6,2022/12/14 00:00:00,4,1
1075,13,23,2022/12/14 00:00:00,1,1
1076,252,12,2022/12/14 00:00:00,5,0
1077,350,28,2022/12/14 00:00:00,4,1
1078,150,27,2022/12/14 00:00:00,3,0
1079,477,29,2022/12/14 00:00:00,3,0
1080,327,31,2022/12/14 00:00:00,5,0
1081,10,19,2022/12/14 00:00:00,4,0
1082,130,17,2022/12/14 00:00:00,1,1
1083,392,33,2022/12/14 00:00:00,4,1
1084,389,10,2022/12/14 00:00:00,1,0
1085,235,15,2022/12/14 00:00:00,4,0
1086,36,13,2022/12/14 00:00:00,4,1
1087,439,2,2022/12/14 00:00:00,4,1
1088,61,7,2022/12/14 00:00:00,4,0
1089,174,32,2022/12/14 00:00:00,4,0
1090,226,2,2022/12/14 00:00:00,4,0
1091,173,25,2022/12/14 00:00:00,2,0
1092,37,6,2022/12/14 00:00:00,2,0
1093,123,17,2022/12/14 00:00:00,5,1
1094,73,22,2022/12/14 00:00:00,2,1
1095,199,21,2022/12/14 00:00:00,4,0
1096,102,30,2022/12/14 00:00:00,1,0
1097,175,21,2022/12/14 00:00:00,1,0
1098,22,18,2022/12/14 00:00:00,1,0
1099,181,6,2022/12/14 00:00:00,2,1
1100,188,27,2022/12/14 00:00:00,4,1
1101,42,26,2022/12/14 00:00:00,3,0
1102,286,16,2022/12/14 00:00:00,5,0
1103,199,19,2022/12/14 00:00:00,1,0
1104,486,4,2022/12/14 00:00:00,4,1
1105,418,21,2022/12/14 00:00:00,3,1
1106,361,25,2022/12/14 00:00:00,3,1
1107,425,13,2022/12/14 00:00:00,1,1
1108,333,14,2022/12/14 00:00:00,4,0
1109,281,24,2022/12/14 00:00:00,1,1
1110,218,30,2022/12/14 00:00:00,2,1
1111,227,3,2022/12/14 00:00:00,2,1
1112,183,10,2022/12/14 00:00:00,5,0
1113,95,1,2022/12/14 00:00:00,3,0
1114,277,2,2022/12/14 00:00:00,5,0
1115,448,22,2022/12/14 00:00:00,5,0
1116,69,10,2022/12/14 00:00:00,4,0
1117,11,4,2022/12/14 00:00:00,2,1
1118,322,20,2022/12/14 00:00:00,1,0
1119,478,28,2022/12/14 00:00:00,1,0
1120,269,16,2022/12/14 00:00:00,1,0
1121,226,8,2022/12/14 00:00:00,2,1
1122,174,8,2022/12/14 00:00:00,2,1
1123,29,25,2022/12/14 00:00:00,4,1
1124,368,8,2022/12/14 00:00:00,1,1
1125,286,21,2022/12/14 00:00:00,3,1
1126,254,31,2022/12/14 00:00:00,1,0
1127,189,26,2022/12/14 00:00:00,3,0
1128,271,1,2022/12/14 00:00:00,1,1
1129,434,19,2022/12/14 00:00:00,1,0
1130,253,25,2022/12/14 00:00:00,3,1
1131,98,25,2022/12/14 00:00:00,4,0
1132,219,10,2022/12/14 00:00:00,1,0
1133,329,3,2022/12/14 00:00:00,4,1
1134,459,29,2022/12/14 00:00:00,2,0
1135,152,32,2022/12/14 00:00:00,4,1
1136,329,30,2022/12/14 00:00:00,2,0
1137,129,6,2022/12/14 00:00:00,4,1
1138,462,10,2022/12/14 00:00:00,2,0
1139,40,27,2022/12/14 00:00:00,3,0
1140,25,20,2022/12/14 00:00:00,2,0
1141,36,2,2022/12/14 00:00:00,1,1
1142,107,33,2022/12/14 00:00:00,3,0
1143,368,21,2022/12/14 00:00:00,2,0
1144,226,15,2022/12/14 00:00:00,5,0
1145,14,18,2022/12/14 00:00:00,2,0
1146,282,7,2022/12/14 00:00:00,4,0
1147,124,28,2022/12/14 00:00:00,2,0
1148,377,13,2022/12/14 00:00:00,5,0
1149,475,22,2022/12/14 00:00:00,1,1
1150,438,16,2022/12/14 00:00:00,1,0
1151,12,12,2022/12/14 00:00:00,5,1
1152,142,29,2022/12/14 00:00:00,4,1
1153,386,9,2022/12/14 00:00:00,2,0
1154,364,1,2022/12/14 00:00:00,5,1
1155,254,16,2022/12/14 00:00:00,4,1
1156,435,16,2022/12/14 00:00:00,1,0
1157,47,7,2022/12/14 00:00:00,2,0
1158,471,6,2022/12/14 00:00:00,1,1
1159,26,5,2022/12/14 00:00:00,3,1
1160,243,14,2022/12/14 00:00:00,2,1
1161,22,19,2022/12/14 00:00:00,1,0
1162,397,13,2022/12/14 00:00:00,4,0
1163,64,30,2022/12/14 00:00:00,3,0
1164,459,24,2022/12/14 00:00:00,1,0
1165,114,30,2022/12/14 00:00:00,5,0
1166,84,9,2022/12/14 00:00:00,5,1
1167,296,15,2022/12/14 00:00:00,1,0
1168,329,10,2022/12/14 00:00:00,2,1
1169,344,1,2022/12/14 00:00:00,4,1
1170,179,27,2022/12/14 00:00:00,5,1
1171,108,7,2022/12/14 00:00:00,4,0
1172,113,30,2022/12/14 00:00:00,1,1
1173,346,25,2022/12/14 00:00:00,4,0
1174,311,12,2022/12/14 00:00:00,1,0
1175,225,26,2022/12/14 00:00:00,2,1
1176,482,9,2022/12/14 00:00:00,4,1
1177,323,24,2022/12/14 00:00:00,2,0
1178,43,11,2022/12/14 00:00:00,4,1
1179,54,17,2022/12/14 00:00:00,5,1
1180,458,18,2022/12/14 00:00:00,5,1
1181,245,18,2022/12/14 00:00:00,4,0
1182,21,6,2022/12/14 00:00:00,2,1
1183,166,12,2022/12/14 00:00:00,1,1
1184,367,25,2022/12/14 00:00:00,3,1
1185,23,18,2022/12/14 00:00:00,4,0
1186,196,19,2022/12/14 00:00:00,5,0
1187,140,17,2022/12/14 00:00:00,4,0
1188,155,28,2022/12/14 00:00:00,3,1
1189,400,12,2022/12/14 00:00:00,2,1
1190,267,14,2022/12/14 00:00:00,3,1
1191,227,32,2022/12/14 00:00:00,4,1
1192,220,1,2022/12/14 00:00:00,3,0
1193,63,6,2022/12/14 00:00:00,3,0
1194,9,4,2022/12/14 00:00:00,5,0
1195,210,19,2022/12/14 00:00:00,1,1
1196,346,18,2022/12/14 00:00:00,4,1
1197,159,15,2022/12/14 00:00:00,5,0
1198,254,16,2022/12/14 00:00:00,1,1
1199,499,3,2022/12/14 00:00:00,5,1
1200,166,21,2022/12/14 00:00:00,2,1
1201,313,33,2022/12/14 00:00:00,2,0
1202,431,31,2022/12/14 00:00:00,3,0
1203,167,1,2022/12/14 00:00:00,3,0
1204,473,24,2022/12/14 00:00:00,3,1
1205,83,18,2022/12/14 00:00:00,5,1
1206,208,19,2022/12/14 00:00:00,1,0
1207,367,1,2022/12/14 00:00:00,2,0
1208,479,24,2022/12/14 00:00:00,4,0
1209,308,26,2022/12/14 00:00:00,5,1
1210,338,6,2022/12/14 00:00:00,5,1
1211,499,2,2022/12/14 00:00:00,3,0
1212,415,14,2022/12/14 00:00:00,4,0
1213,162,11,2022/12/14 00:00:00,1,1
1214,415,17,2022/12/14 00:00:00,2,1
1215,167,30,2022/12/14 00:00:00,2,1
1216,464,20,2022/12/14 00:00:00,3,1
1217,212,30,2022/12/14 00:00:00,3,0
1218,480,19,2022/12/14 00:00:00,4,1
1219,452,12,2022/12/14 00:00:00,3,0
1220,399,24,2022/12/14 00:00:00,2,1
1221,90,21,2022/12/14 00:00:00,2,0
1222,125,19,2022/12/14 00:00:00,5,1
1223,493,5,2022/12/14 00:00:00,2,1
1224,177,6,2022/12/14 00:00:00,5,1
1225,467,8,2022/12/14 00:00:00,2,1
1226,312,25,2022/12/14 00:00:00,2,0
1227,20,8,2022/12/14 00:00:00,5,0
1228,91,5,2022/12/14 00:00:00,3,0
1229,387,22,2022/12/14 00:00:00,1,1
1230,111,28,2022/12/14 00:00:00,4,0
1231,34,20,2022/12/14 00:00:00,4,0
1232,471,23,2022/12/14 00:00:00,4,0
1233,218,8,2022/12/14 00:00:00,1,1
1234,488,12,2022/12/14 00:00:00,4,0
1235,235,25,2022/12/14 00:00:00,4,1
1236,126,1,2022/12/14 00:00:00,1,0
1237,152,20,2022/12/14 00:00:00,3,0
1238,79,6,2022/12/14 00:00:00,5,0
1239,166,25,2022/12/14 00:00:00,3,1
1240,194,4,2022/12/14 00:00:00,4,0
1241,163,13,2022/12/14 00:00:00,2,0
1242,99,3,2022/12/14 00:00:00,4,1
1243,178,26,2022/12/14 00:00:00,4,1
1244,453,11,2022/12/14 00:00:00,5,0
1245,430,2,2022/12/14 00:00:00,4,0
1246,390,21,2022/12/14 00:00:00,1,0
1247,430,27,2022/12/14 00:00:00,5,0
1248,326,23,2022/12/14 00:00:00,2,0
1249,181,10,2022/12/14 00:00:00,2,1
1250,83,31,2022/12/14 00:00:00,4,1
1251,286,29,2022/12/14 00:00:00,3,1
1252,335,21,2022/12/14 00:00:00,3,0
1253,108,31,2022/12/14 00:00:00,4,1
1254,394,18,2022/12/14 00:00:00,4,1
1255,114,11,2022/12/14 00:00:00,1,1
1256,26,9,2022/12/14 00:00:00,1,0
1257,99,12,2022/12/14 00:00:00,2,0
1258,465,29,2022/12/14 00:00:00,4,1
1259,175,21,2022/12/14 00:00:00,3,0
1260,237,20,2022/12/14 00:00:00,2,1
1261,483,20,2022/12/14 00:00:00,2,1
1262,455,1,2022/12/14 00:00:00,5,1
1263,73,4,2022/12/14 00:00:00,4,1
1264,381,24,2022/12/14 00:00:00,4,1
1265,464,12,2022/12/14 00:00:00,5,1
1266,338,17,2022/12/14 00:00:00,3,1
1267,341,33,2022/12/14 00:00:00,5,1
1268,176,32,2022/12/14 00:00:00,4,0
1269,56,25,2022/12/14 00:00:00,3,0
1270,168,12,2022/12/14 00:00:00,4,1
1271,133,2,2022/12/14 00:00:00,2,1
1272,356,21,2022/12/14 00:00:00,1,1
1273,17,15,2022/12/14 00:00:00,4,0
1274,473,23,2022/12/14 00:00:00,3,1
1275,349,5,2022/12/14 00:00:00,1,0
1276,82,28,2022/12/14 00:00:00,5,1
1277,303,17,2022/12/14 00:00:00,4,1
1278,280,8,2022/12/14 00:00:00,1,1
1279,488,32,2022/12/14 00:00:00,3,0
1280,216,30,2022/12/14 00:00:00,3,1
1281,81,23,2022/12/14 00:00:00,5,0
1282,327,27,2022/12/14 00:00:00,1,0
1283,17,12,2022/12/14 00:00:00,3,0
1284,264,12,2022/12/14 00:00:00,4,1
1285,485,1,2022/12/14 00:00:00,3,0
1286,239,16,2022/12/14 00:00:00,4,1
1287,230,32,2022/12/14 00:00:00,2,0
1288,500,22,2022/12/14 00:00:00,5,0
1289,37,25,2022/12/14 00:00:00,2,0
1290,150,2,2022/12/14 00:00:00,5,1
1291,160,1,2022/12/14 00:00:00,4,1
1292,123,2,2022/12/14 00:00:00,4,0
1293,245,27,2022/12/14 00:00:00,2,1
1294,148,12,2022/12/14 00:00:00,4,1
1295,65,11,2022/12/14 00:00:00,4,0
1296,171,11,2022/12/14 00:00:00,5,0
1297,217,1,2022/12/14 00:00:00,1,0
1298,379,33,2022/12/14 00:00:00,4,0
1299,25,23,2022/12/14 00:00:00,4,0
1300,107,11,2022/12/14 00:00:00,2,1
1301,137,22,2022/12/14 00:00:00,2,0
1302,170,32,2022/12/14 00:00:00,4,0
1303,458,27,2022/12/14 00:00:00,5,1
1304,326,20,2022/12/14 00:00:00,3,0
1305,242,6,2022/12/14 00:00:00,5,1
1306,329,20,2022/12/14 00:00:00,5,1
1307,120,28,2022/12/14 00:00:00,4,1
1308,70,24,2022/12/14 00:00:00,2,0
1309,73,1,2022/12/14 00:00:00,5,1
1310,377,29,2022/12/14 00:00:00,4,0
1311,492,25,2022/12/14 00:00:00,4,1
1312,7,11,2022/12/14 00:00:00,2,1
1313,386,12,2022/12/14 00:00:00,1,1
1314,455,11,2022/12/14 00:00:00,5,1
1315,365,11,2022/12/14 00:00:00,1,1
1316,141,1,2022/12/14 00:00:00,2,1
1317,237,25,2022/12/14 00:00:00,5,0
1318,371,24,2022/12/14 00:00:00,5,0
1319,222,14,2022/12/14 00:00:00,4,0
1320,330,29,2022/12/14 00:00:00,3,0
1321,152,24,2022/12/14 00:00:00,4,1
1322,276,29,2022/12/14 00:00:00,4,0
1323,142,6,2022/12/14 00:00:00,2,1
1324,111,7,2022/12/14 00:00:00,3,0
1325,177,22,2022/12/14 00:00:00,4,0
1326,285,4,2022/12/14 00:00:00,2,0
1327,359,29,2022/12/14 00:00:00,1,1
1328,424,4,2022/12/14 00:00:00,1,1
1329,51,16,2022/12/14 00:00:00,2,1
1330,262,17,2022/12/14 00:00:00,1,0
1331,362,6,2022/12/14 00:00:00,2,1
1332,331,4,2022/12/14 00:00:00,1,0
1333,255,27,2022/12/14 00:00:00,2,0
1334,103,11,2022/12/14 00:00:00,4,0
1335,285,9,2022/12/14 00:00:00,4,0
1336,476,5,2022/12/14 00:00:00,5,0
1337,261,5,2022/12/14 00:00:00,2,1
1338,6,16,2022/12/14 00:00:00,2,1
1339,96,25,2022/12/14 00:00:00,1,1
1340,109,25,2022/12/14 00:00:00,2,1
1341,374,30,2022/12/14 00:00:00,2,1
1342,420,5,2022/12/14 00:00:00,4,0
1343,294,24,2022/12/14 00:00:00,2,0
1344,161,23,2022/12/14 00:00:00,5,0
1345,264,33,2022/12/14 00:00:00,3,0
1346,420,9,2022/12/14 00:00:00,1,1
1347,440,21,2022/12/14 00:00:00,2,0
1348,69,27,2022/12/14 00:00:00,5,1
1349,98,6,2022/12/14 00:00:00,3,1
1350,136,26,2022/12/14 00:00:00,5,0
1351,10,14,2022/12/14 00:00:00,4,1
1352,16,10,2022/12/14 00:00:00,4,0
1353,8,5,2022/12/14 00:00:00,5,0
1354,80,3,2022/12/14 00:00:00,1,1
1355,149,13,2022/12/14 00:00:00,2,1
1356,289,20,2022/12/14 00:00:00,4,1
1357,76,4,2022/12/14 00:00:00,2,1
1358,177,4,2022/12/14 00:00:00,3,0
1359,57,15,2022/12/14 00:00:00,4,0
1360,31,6,2022/12/14 00:00:00,1,1
1361,385,20,2022/12/14 00:00:00,1,1
1362,134,22,2022/12/14 00:00:00,2,1
1363,251,12,2022/12/14 00:00:00,4,0
1364,286,1,2022/12/14 00:00:00,4,0
1365,340,32,2022/12/14 00:00:00,2,0
1366,441,17,2022/12/14 00:00:00,1,0
1367,204,15,2022/12/14 00:00:00,2,0
1368,104,26,2022/12/14 00:00:00,5,0
1369,317,9,2022/12/14 00:00:00,2,0
1370,305,4,2022/12/14 00:00:00,3,0
1371,368,13,2022/12/14 00:00:00,2,1
1372,468,25,2022/12/14 00:00:00,2,1
1373,219,32,2022/12/14 00:00:00,2,1
1374,316,19,2022/12/14 00:00:00,1,1
1375,13,27,2022/12/14 00:00:00,5,1
1376,273,24,2022/12/14 00:00:00,5,1
1377,64,24,2022/12/14 00:00:00,3,0
1378,421,31,2022/12/14 00:00:00,3,0
1379,22,18,2022/12/14 00:00:00,1,1
1380,188,15,2022/12/14 00:00:00,5,0
1381,154,20,2022/12/14 00:00:00,4,0
1382,28,1,2022/12/14 00:00:00,5,0
1383,137,1,2022/12/14 00:00:00,4,0
1384,184,30,2022/12/14 00:00:00,2,0
1385,456,4,2022/12/14 00:00:00,4,1
1386,377,4,2022/12/14 00:00:00,2,1
1387,260,10,2022/12/14 00:00:00,5,1
1388,9,30,2022/12/14 00:00:00,1,1
1389,198,3,2022/12/14 00:00:00,1,0
1390,312,20,2022/12/14 00:00:00,1,0
1391,289,31,2022/12/14 00:00:00,3,0
1392,245,25,2022/12/14 00:00:00,3,1
1393,104,3,2022/12/14 00:00:00,4,0
1394,161,16,2022/12/14 00:00:00,1,0
1395,32,2,2022/12/14 00:00:00,1,0
1396,259,10,2022/12/14 00:00:00,2,1
1397,258,15,2022/12/14 00:00:00,3,1
1398,337,21,2022/12/14 00:00:00,1,1
1399,98,26,2022/12/14 00:00:00,3,0
1400,5,18,2022/12/14 00:00:00,2,0
1401,135,19,2022/12/14 00:00:00,3,0
1402,306,14,2022/12/14 00:00:00,3,1
1403,377,33,2022/12/14 00:00:00,1,0
1404,124,12,2022/12/14 00:00:00,3,0
1405,413,11,2022/12/14 00:00:00,1,1
1406,120,21,2022/12/14 00:00:00,5,1
1407,411,11,2022/12/14 00:00:00,3,0
1408,162,32,2022/12/14 00:00:00,5,1
1409,414,1,2022/12/14 00:00:00,1,1
1410,255,31,2022/12/14 00:00:00,2,0
1411,139,29,2022/12/14 00:00:00,4,0
1412,441,9,2022/12/14 00:00:00,1,0
1413,68,3,2022/12/14 00:00:00,1,0
1414,71,25,2022/12/14 00:00:00,2,0
1415,117,6,2022/12/14 00:00:00,2,0
1416,283,12,2022/12/14 00:00:00,3,1
1417,163,20,2022/12/14 00:00:00,3,0
1418,442,25,2022/12/14 00:00:00,1,1
1419,4,2,2022/12/14 00:00:00,5,1
1420,345,3,2022/12/14 00:00:00,1,0
1421,462,17,2022/12/14 00:00:00,4,1
1422,243,11,2022/12/14 00:00:00,2,1
1423,255,7,2022/12/14 00:00:00,3,0
1424,174,25,2022/12/14 00:00:00,4,0
1425,315,14,2022/12/14 00:00:00,4,1
1426,137,27,2022/12/14 00:00:00,3,1
1427,233,15,2022/12/14 00:00:00,5,0
1428,435,6,2022/12/14 00:00:00,1,1
1429,284,10,2022/12/14 00:00:00,3,1
1430,229,32,2022/12/14 00:00:00,5,0
1431,23,29,2022/12/14 00:00:00,5,1
1432,376,8,2022/12/14 00:00:00,4,0
1433,246,25,2022/12/14 00:00:00,3,0
1434,189,26,2022/12/14 00:00:00,3,0
1435,130,15,2022/12/14 00:00:00,2,1
1436,65,28,2022/12/14 00:00:00,1,0
1437,427,31,2022/12/14 00:00:00,5,1
1438,493,29,2022/12/14 00:00:00,2,0
1439,87,17,2022/12/14 00:00:00,3,0
1440,235,15,2022/12/14 00:00:00,1,0
1441,425,25,2022/12/14 00:00:00,5,0
1442,478,17,2022/12/14 00:00:00,2,1
1443,309,33,2022/12/14 00:00:00,1,1
1444,419,2,2022/12/14 00:00:00,3,0
1445,25,22,2022/12/14 00:00:00,3,1
1446,70,21,2022/12/14 00:00:00,2,0
1447,211,30,2022/12/14 00:00:00,3,0
1448,108,15,2022/12/14 00:00:00,1,1
1449,45,9,2022/12/14 00:00:00,5,1
1450,492,12,2022/12/14 00:00:00,2,1
1451,335,6,2022/12/14 00:00:00,5,1
1452,103,6,2022/12/14 00:00:00,2,0
1453,182,17,2022/12/14 00:00:00,1,1
1454,188,24,2022/12/14 00:00:00,5,1
1455,325,20,2022/12/14 00:00:00,3,0
1456,51,23,2022/12/14 00:00:00,4,0
1457,469,8,2022/12/14 00:00:00,2,0
1458,9,30,2022/12/14 00:00:00,1,1
1459,246,1,2022/12/14 00:00:00,4,1
1460,357,4,2022/12/14 00:00:00,5,1
1461,292,32,2022/12/14 00:00:00,3,1
1462,189,13,2022/12/14 00:00:00,2,1
1463,258,24,2022/12/14 00:00:00,4,1
1464,125,2,2022/12/14 00:00:00,1,1
1465,432,27,2022/12/14 00:00:00,3,1
1466,163,33,2022/12/14 00:00:00,4,1
1467,330,26,2022/12/14 00:00:00,3,0
1468,288,6,2022/12/14 00:00:00,4,0
1469,249,7,2022/12/14 00:00:00,3,0
1470,245,24,2022/12/14 00:00:00,4,0
1471,197,13,2022/12/14 00:00:00,5,1
1472,114,32,2022/12/14 00:00:00,1,0
1473,102,33,2022/12/14 00:00:00,5,0
1474,117,26,2022/12/14 00:00:00,1,0
1475,442,20,2022/12/14 00:00:00,1,1
1476,98,27,2022/12/14 00:00:00,4,0
1477,132,23,2022/12/14 00:00:00,4,1
1478,297,6,2022/12/14 00:00:00,4,1
1479,59,23,2022/12/14 00:00:00,3,0
1480,279,21,2022/12/14 00:00:00,5,1
1481,486,13,2022/12/14 00:00:00,3,0
1482,260,31,2022/12/14 00:00:00,3,1
1483,238,8,2022/12/14 00:00:00,2,1
1484,250,9,2022/12/14 00:00:00,4,1
1485,131,32,2022/12/14 00:00:00,3,0
1486,467,19,2022/12/14 00:00:00,2,1
1487,19,27,2022/12/14 00:00:00,5,1
1488,383,21,2022/12/14 00:00:00,2,1
1489,24,14,2022/12/14 00:00:00,3,1
1490,417,11,2022/12/14 00:00:00,2,1
1491,37,16,2022/12/14 00:00:00,2,0
1492,140,22,2022/12/14 00:00:00,2,0
1493,453,5,2022/12/14 00:00:00,5,0
1494,245,2,2022/12/14 00:00:00,4,0
1495,466,29,2022/12/14 00:00:00,4,0
1496,355,23,2022/12/14 00:00:00,2,1
1497,173,32,2022/12/14 00:00:00,2,1
1498,493,29,2022/12/14 00:00:00,5,0
1499,136,7,2022/12/14 00:00:00,5,0
1500,166,21,2022/12/14 00:00:00,5,1
1501,68,16,2022/12/14 00:00:00,4,1
1502,395,25,2022/12/14 00:00:00,1,0
1503,200,11,2022/12/14 00:00:00,2,1
1504,488,4,2022/12/14 00:00:00,2,1
1505,128,22,2022/12/14 00:00:00,5,1
1506,11,8,2022/12/14 00:00:00,4,1
1507,130,10,2022/12/14 00:00:00,2,0
1508,38,12,2022/12/14 00:00:00,2,1
1509,128,24,2022/12/14 00:00:00,2,0
1510,380,26,2022/12/14 00:00:00,2,0
1511,31,3,2022/12/14 00:00:00,4,1
1512,84,10,2022/12/14 00:00:00,2,1
1513,182,23,2022/12/14 00:00:00,2,0
1514,149,28,2022/12/14 00:00:00,1,0
1515,293,1,2022/12/14 00:00:00,4,1
1516,233,20,2022/12/14 00:00:00,1,1
1517,283,21,2022/12/14 00:00:00,2,0
1518,306,14,2022/12/14 00:00:00,1,0
1519,337,19,2022/12/14 00:00:00,4,1
1520,77,18,2022/12/14 00:00:00,5,1
1521,285,2,2022/12/14 00:00:00,5,1
1522,93,32,2022/12/14 00:00:00,2,1
1523,428,27,2022/12/14 00:00:00,1,1
1524,403,20,2022/12/14 00:00:00,3,1
1525,475,3,2022/12/14 00:00:00,1,1
1526,7,9,2022/12/14 00:00:00,2,0
1527,420,1,2022/12/14 00:00:00,3,1
1528,46,20,2022/12/14 00:00:00,1,0
1529,491,28,2022/12/14 00:00:00,5,0
1530,163,17,2022/12/14 00:00:00,5,0
1531,352,13,2022/12/14 00:00:00,1,0
1532,326,32,2022/12/14 00:00:00,4,0
1533,239,27,2022/12/14 00:00:00,1,1
1534,387,13,2022/12/14 00:00:00,5,0
1535,43,13,2022/12/14 00:00:00,4,1
1536,3,10,2022/12/14 00:00:00,1,0
1537,221,33,2022/12/14 00:00:00,5,1
1538,344,3,2022/12/14 00:00:00,5,1
1539,72,19,2022/12/14 00:00:00,1,0
1540,18,1,2022/12/14 00:00:00,3,0
1541,406,33,2022/12/14 00:00:00,3,0
1542,313,17,2022/12/14 00:00:00,2,0
1543,333,1,2022/12/14 00:00:00,1,0
1544,445,22,2022/12/14 00:00:00,2,0
1545,84,22,2022/12/14 00:00:00,5,0
1546,208,7,2022/12/14 00:00:00,2,0
1547,455,26,2022/12/14 00:00:00,2,0
1548,464,15,2022/12/14 00:00:00,4,0
1549,31,24,2022/12/14 00:00:00,5,0
1550,376,30,2022/12/14 00:00:00,5,1
1551,179,17,2022/12/14 00:00:00,3,1
1552,186,1,2022/12/14 00:00:00,5,1
1553,129,19,2022/12/14 00:00:00,3,1
1554,222,30,2022/12/14 00:00:00,2,1
1555,435,18,2022/12/14 00:00:00,1,0
1556,491,27,2022/12/14 00:00:00,1,1
1557,169,11,2022/12/14 00:00:00,5,1
1558,448,4,2022/12/14 00:00:00,4,0
1559,375,2,2022/12/14 00:00:00,2,0
1560,280,12,2022/12/14 00:00:00,1,0
1561,469,11,2022/12/14 00:00:00,4,0
1562,483,11,2022/12/14 00:00:00,5,1
1563,132,10,2022/12/14 00:00:00,2,0
1564,224,27,2022/12/14 00:00:00,4,0
1565,322,25,2022/12/14 00:00:00,4,1
1566,241,33,2022/12/14 00:00:00,5,1
1567,473,18,2022/12/14 00:00:00,4,1
1568,127,11,2022/12/14 00:00:00,4,0
1569,453,28,2022/12/14 00:00:00,3,0
1570,152,12,2022/12/14 00:00:00,3,0
1571,25,14,2022/12/14 00:00:00,1,0
1572,60,4,2022/12/14 00:00:00,4,0
1573,44,25,2022/12/14 00:00:00,4,0
1574,294,5,2022/12/14 00:00:00,5,0
1575,156,15,2022/12/14 00:00:00,1,1
1576,472,5,2022/12/14 00:00:00,2,0
1577,51,9,2022/12/14 00:00:00,2,1
1578,275,24,2022/12/14 00:00:00,1,1
1579,123,31,2022/12/14 00:00:00,2,0
1580,75,24,2022/12/14 00:00:00,5,0
1581,93,23,2022/12/14 00:00:00,3,1
1582,91,29,2022/12/14 00:00:00,2,0
1583,267,7,2022/12/14 00:00:00,4,1
1584,384,15,2022/12/14 00:00:00,4,0
1585,40,3,2022/12/14 00:00:00,4,0
1586,447,24,2022/12/14 00:00:00,2,0
1587,345,29,2022/12/14 00:00:00,1,1
1588,316,18,2022/12/14 00:00:00,5,0
1589,150,3,2022/12/14 00:00:00,1,1
1590,362,2,2022/12/14 00:00:00,5,0
1591,7,17,2022/12/14 00:00:00,3,1
1592,80,11,2022/12/14 00:00:00,4,0
1593,247,6,2022/12/14 00:00:00,5,1
1594,292,17,2022/12/14 00:00:00,5,0
1595,438,9,2022/12/14 00:00:00,5,1
1596,33,6,2022/12/14 00:00:00,4,0
1597,410,4,2022/12/14 00:00:00,5,1
1598,152,29,2022/12/14 00:00:00,1,1
1599,1,14,2022/12/14 00:00:00,5,0
1600,83,18,2022/12/14 00:00:00,2,0
1601,154,10,2022/12/14 00:00:00,3,0
1602,268,19,2022/12/14 00:00:00,5,0
1603,226,8,2022/12/14 00:00:00,1,1
1604,492,26,2022/12/14 00:00:00,1,0
1605,283,26,2022/12/14 00:00:00,3,0
1606,481,17,2022/12/14 00:00:00,2,1
1607,464,27,2022/12/14 00:00:00,5,1
1608,178,22,2022/12/14 00:00:00,1,0
1609,172,22,2022/12/14 00:00:00,5,1
1610,39,6,2022/12/14 00:00:00,4,0
1611,290,28,2022/12/14 00:00:00,5,0
1612,196,21,2022/12/14 00:00:00,1,1
1613,55,22,2022/12/14 00:00:00,1,1
1614,350,16,2022/12/14 00:00:00,1,1
1615,391,2,2022/12/14 00:00:00,4,0
1616,306,32,2022/12/14 00:00:00,3,0
1617,180,7,2022/12/14 00:00:00,4,1
1618,200,10,2022/12/14 00:00:00,5,1
1619,387,7,2022/12/14 00:00:00,5,1
1620,414,33,2022/12/14 00:00:00,5,1
1621,217,15,2022/12/14 00:00:00,3,1
1622,307,29,2022/12/14 00:00:00,3,0
1623,107,25,2022/12/14 00:00:00,2,0
1624,222,10,2022/12/14 00:00:00,1,0
1625,484,27,2022/12/14 00:00:00,5,0
1626,263,28,2022/12/14 00:00:00,2,0
1627,417,28,2022/12/14 00:00:00,1,1
1628,132,13,2022/12/14 00:00:00,4,0
1629,451,25,2022/12/14 00:00:00,1,1
1630,346,32,2022/12/14 00:00:00,4,0
1631,376,21,2022/12/14 00:00:00,5,1
1632,251,14,2022/12/14 00:00:00,4,1
1633,335,3,2022/12/14 00:00:00,1,0
1634,205,32,2022/12/14 00:00:00,5,1
1635,350,30,2022/12/14 00:00:00,2,1
1636,381,6,2022/12/14 00:00:00,1,1
1637,289,29,2022/12/14 00:00:00,1,1
1638,103,30,2022/12/14 00:00:00,2,0
1639,268,30,2022/12/14 00:00:00,5,1
1640,148,22,2022/12/14 00:00:00,2,1
1641,263,3,2022/12/14 00:00:00,5,0
1642,215,12,2022/12/14 00:00:00,4,1
1643,329,14,2022/12/14 00:00:00,5,0
1644,36,13,2022/12/14 00:00:00,1,1
1645,480,32,2022/12/14 00:00:00,5,0
1646,413,12,2022/12/14 00:00:00,5,0
1647,301,27,2022/12/14 00:00:00,2,1
1648,165,28,2022/12/14 00:00:00,4,0
1649,293,24,2022/12/14 00:00:00,5,0
1650,123,9,2022/12/14 00:00:00,1,1
1651,212,29,2022/12/14 00:00:00,2,0
1652,22,31,2022/12/14 00:00:00,1,0
1653,258,11,2022/12/14 00:00:00,5,1
1654,124,28,2022/12/14 00:00:00,4,1
1655,370,8,2022/12/14 00:00:00,1,1
1656,356,7,2022/12/14 00:00:00,2,0
1657,493,11,2022/12/14 00:00:00,1,1
1658,299,14,2022/12/14 00:00:00,2,0
1659,10,26,2022/12/14 00:00:00,5,0
1660,445,18,2022/12/14 00:00:00,5,1
1661,90,17,2022/12/14 00:00:00,1,0
1662,172,10,2022/12/14 00:00:00,1,0
1663,182,33,2022/12/14 00:00:00,5,0
1664,134,9,2022/12/14 00:00:00,2,1
1665,475,15,2022/12/14 00:00:00,5,0
1666,290,25,2022/12/14 00:00:00,1,1
1667,482,15,2022/12/14 00:00:00,5,1
1668,378,15,2022/12/14 00:00:00,4,0
1669,32,20,2022/12/14 00:00:00,1,0
1670,483,5,2022/12/14 00:00:00,1,1
1671,198,17,2022/12/14 00:00:00,5,0
1672,330,17,2022/12/14 00:00:00,3,0
1673,400,29,2022/12/14 00:00:00,2,0
1674,448,23,2022/12/14 00:00:00,4,0
1675,472,2,2022/12/14 00:00:00,2,0
1676,291,6,2022/12/14 00:00:00,4,1
1677,420,20,2022/12/14 00:00:00,2,1
1678,202,29,2022/12/14 00:00:00,5,1
1679,279,6,2022/12/14 00:00:00,4,1
1680,69,9,2022/12/14 00:00:00,2,1
1681,81,15,2022/12/14 00:00:00,1,1
1682,102,30,2022/12/14 00:00:00,4,1
1683,117,23,2022/12/14 00:00:00,3,1
1684,71,5,2022/12/14 00:00:00,4,0
1685,372,23,2022/12/14 00:00:00,3,0
1686,376,9,2022/12/14 00:00:00,5,0
1687,207,25,2022/12/14 00:00:00,4,1
1688,24,22,2022/12/14 00:00:00,5,1
1689,443,27,2022/12/14 00:00:00,3,0
1690,132,23,2022/12/14 00:00:00,3,1
1691,9,16,2022/12/14 00:00:00,1,1
1692,58,24,2022/12/14 00:00:00,2,1
1693,358,17,2022/12/14 00:00:00,5,0
1694,266,25,2022/12/14 00:00:00,1,0
1695,43,21,2022/12/14 00:00:00,1,0
1696,95,27,2022/12/14 00:00:00,5,1
1697,34,15,2022/12/14 00:00:00,4,1
1698,448,10,2022/12/14 00:00:00,4,1
1699,382,15,2022/12/14 00:00:00,5,0
1700,131,28,2022/12/14 00:00:00,2,0
1701,246,8,2022/12/14 00:00:00,3,1
1702,499,25,2022/12/14 00:00:00,3,1
1703,394,28,2022/12/14 00:00:00,3,1
1704,354,7,2022/12/14 00:00:00,5,1
1705,446,18,2022/12/14 00:00:00,5,1
1706,163,27,2022/12/14 00:00:00,2,1
1707,192,6,2022/12/14 00:00:00,4,1
1708,227,5,2022/12/14 00:00:00,5,1
1709,185,20,2022/12/14 00:00:00,1,1
1710,195,17,2022/12/14 00:00:00,5,0
1711,12,28,2022/12/14 00:00:00,3,0
1712,194,19,2022/12/14 00:00:00,2,0
1713,109,12,2022/12/14 00:00:00,2,1
1714,161,20,2022/12/14 00:00:00,1,1
1715,242,33,2022/12/14 00:00:00,2,1
1716,495,3,2022/12/14 00:00:00,1,0
1717,21,24,2022/12/14 00:00:00,3,1
1718,438,15,2022/12/14 00:00:00,2,1
1719,216,25,2022/12/14 00:00:00,4,1
1720,38,33,2022/12/14 00:00:00,5,1
1721,332,29,2022/12/14 00:00:00,3,1
1722,349,2,2022/12/14 00:00:00,3,0
1723,286,3,2022/12/14 00:00:00,4,0
1724,210,20,2022/12/14 00:00:00,3,1
1725,308,23,2022/12/14 00:00:00,2,1
1726,145,14,2022/12/14 00:00:00,3,1
1727,425,17,2022/12/14 00:00:00,1,0
1728,321,9,2022/12/14 00:00:00,3,1
1729,320,14,2022/12/14 00:00:00,5,0
1730,205,29,2022/12/14 00:00:00,1,0
1731,458,30,2022/12/14 00:00:00,1,0
1732,236,13,2022/12/14 00:00:00,1,0
1733,224,5,2022/12/14 00:00:00,4,0
1734,127,26,2022/12/14 00:00:00,4,1
1735,467,25,2022/12/14 00:00:00,2,1
1736,78,4,2022/12/14 00:00:00,2,1
1737,261,13,2022/12/14 00:00:00,4,0
1738,50,7,2022/12/14 00:00:00,1,0
1739,150,25,2022/12/14 00:00:00,2,1
1740,146,26,2022/12/14 00:00:00,2,0
1741,123,26,2022/12/14 00:00:00,5,0
1742,295,9,2022/12/14 00:00:00,5,0
1743,126,29,2022/12/14 00:00:00,3,1
1744,397,18,2022/12/14 00:00:00,2,0
1745,128,20,2022/12/14 00:00:00,2,0
1746,436,22,2022/12/14 00:00:00,5,1
1747,225,28,2022/12/14 00:00:00,5,0
1748,317,31,2022/12/14 00:00:00,3,1
1749,497,32,2022/12/14 00:00:00,5,0
1750,202,15,2022/12/14 00:00:00,1,1
1751,378,22,2022/12/14 00:00:00,5,0
1752,31,29,2022/12/14 00:00:00,4,1
1753,427,27,2022/12/14 00:00:00,2,1
1754,494,27,2022/12/14 00:00:00,2,0
1755,124,15,2022/12/14 00:00:00,3,1
1756,103,33,2022/12/14 00:00:00,5,0
1757,16,18,2022/12/14 00:00:00,1,0
1758,332,32,2022/12/14 00:00:00,2,0
1759,254,17,2022/12/14 00:00:00,2,1
1760,122,7,2022/12/14 00:00:00,1,1
1761,458,29,2022/12/14 00:00:00,2,0
1762,486,17,2022/12/14 00:00:00,3,1
1763,418,13,2022/12/14 00:00:00,1,0
1764,410,27,2022/12/14 00:00:00,4,1
1765,401,13,2022/12/14 00:00:00,5,0
1766,173,10,2022/12/14 00:00:00,2,1
1767,117,26,2022/12/14 00:00:00,1,0
1768,299,10,2022/12/14 00:00:00,1,0
1769,475,14,2022/12/14 00:00:00,3,0
1770,174,10,2022/12/14 00:00:00,5,0
1771,453,15,2022/12/14 00:00:00,1,1
1772,98,30,2022/12/14 00:00:00,3,1
1773,373,5,2022/12/14 00:00:00,1,1
1774,55,31,2022/12/14 00:00:00,2,1
1775,484,29,2022/12/14 00:00:00,5,0
1776,399,24,2022/12/14 00:00:00,3,1
1777,390,7,2022/12/14 00:00:00,1,0
1778,160,33,2022/12/14 00:00:00,1,0
1779,2,28,2022/12/14 00:00:00,2,1
1780,12,24,2022/12/14 00:00:00,3,1
1781,288,1,2022/12/14 00:00:00,1,1
1782,406,1,2022/12/14 00:00:00,5,1
1783,20,12,2022/12/14 00:00:00,2,0
1784,474,28,2022/12/14 00:00:00,4,1
1785,153,11,2022/12/14 00:00:00,1,1
1786,423,2,2022/12/14 00:00:00,2,0
1787,116,32,2022/12/14 00:00:00,3,0
1788,120,14,2022/12/14 00:00:00,2,1
1789,330,29,2022/12/14 00:00:00,2,0
1790,100,6,2022/12/14 00:00:00,4,0
1791,52,24,2022/12/14 00:00:00,3,0
1792,256,5,2022/12/14 00:00:00,2,1
1793,323,28,2022/12/14 00:00:00,1,1
1794,136,18,2022/12/14 00:00:00,1,1
1795,314,14,2022/12/14 00:00:00,4,1
1796,452,25,2022/12/14 00:00:00,4,1
1797,325,14,2022/12/14 00:00:00,2,1
1798,475,27,2022/12/14 00:00:00,5,1
1799,325,15,2022/12/14 00:00:00,3,0
1800,25,19,2022/12/14 00:00:00,5,1
1801,308,1,2022/12/14 00:00:00,3,1
1802,213,30,2022/12/14 00:00:00,4,1
1803,340,13,2022/12/14 00:00:00,3,1
1804,279,17,2022/12/14 00:00:00,3,0
1805,154,4,2022/12/14 00:00:00,4,0
1806,193,19,2022/12/14 00:00:00,5,1
1807,367,9,2022/12/14 00:00:00,3,1
1808,220,4,2022/12/14 00:00:00,1,0
1809,321,14,2022/12/14 00:00:00,1,0
1810,305,11,2022/12/14 00:00:00,1,0
1811,429,27,2022/12/14 00:00:00,5,1
1812,487,8,2022/12/14 00:00:00,1,0
1813,435,2,2022/12/14 00:00:00,3,0
1814,29,7,2022/12/14 00:00:00,3,0
1815,322,19,2022/12/14 00:00:00,3,1
1816,73,2,2022/12/14 00:00:00,4,1
1817,460,2,2022/12/14 00:00:00,3,0
1818,318,2,2022/12/14 00:00:00,3,0
1819,499,17,2022/12/14 00:00:00,4,0
1820,422,28,2022/12/14 00:00:00,4,1
1821,284,28,2022/12/14 00:00:00,4,1
1822,184,5,2022/12/14 00:00:00,4,1
1823,489,20,2022/12/14 00:00:00,5,0
1824,310,24,2022/12/14 00:00:00,2,0
1825,142,7,2022/12/14 00:00:00,3,1
1826,128,30,2022/12/14 00:00:00,1,1
1827,128,4,2022/12/14 00:00:00,1,0
1828,159,1,2022/12/14 00:00:00,2,0
1829,9,31,2022/12/14 00:00:00,4,0
1830,310,12,2022/12/14 00:00:00,1,0
1831,49,8,2022/12/14 00:00:00,2,1
1832,484,28,2022/12/14 00:00:00,1,0
1833,335,3,2022/12/14 00:00:00,5,0
1834,360,32,2022/12/14 00:00:00,3,1
1835,127,13,2022/12/14 00:00:00,1,0
1836,357,15,2022/12/14 00:00:00,3,1
1837,114,22,2022/12/14 00:00:00,3,0
1838,421,18,2022/12/14 00:00:00,1,0
1839,153,21,2022/12/14 00:00:00,2,0
1840,439,31,2022/12/14 00:00:00,2,0
1841,494,22,2022/12/14 00:00:00,2,1
1842,251,7,2022/12/14 00:00:00,1,0
1843,466,32,2022/12/14 00:00:00,5,0
1844,485,11,2022/12/14 00:00:00,5,1
1845,87,8,2022/12/14 00:00:00,4,1
1846,403,24,2022/12/14 00:00:00,3,0
1847,334,9,2022/12/14 00:00:00,2,0
1848,150,21,2022/12/14 00:00:00,4,1
1849,20,3,2022/12/14 00:00:00,3,1
1850,259,2,2022/12/14 00:00:00,1,0
1851,388,28,2022/12/14 00:00:00,1,0
1852,298,31,2022/12/14 00:00:00,5,0
1853,178,19,2022/12/14 00:00:00,2,0
1854,278,26,2022/12/14 00:00:00,4,0
1855,372,29,2022/12/14 00:00:00,5,0
1856,165,9,2022/12/14 00:00:00,1,0
1857,500,31,2022/12/14 00:00:00,4,0
1858,40,32,2022/12/14 00:00:00,3,1
1859,345,1,2022/12/14 00:00:00,4,0
1860,464,21,2022/12/14 00:00:00,5,1
1861,112,10,2022/12/14 00:00:00,3,0
1862,211,27,2022/12/14 00:00:00,5,0
1863,187,20,2022/12/14 00:00:00,1,1
1864,372,13,2022/12/14 00:00:00,4,0
1865,465,18,2022/12/14 00:00:00,4,0
1866,384,13,2022/12/14 00:00:00,2,1
1867,366,18,2022/12/14 00:00:00,1,1
1868,123,24,2022/12/14 00:00:00,1,0
1869,174,4,2022/12/14 00:00:00,3,1
1870,45,20,2022/12/14 00:00:00,3,0
1871,311,8,2022/12/14 00:00:00,3,0
1872,355,8,2022/12/14 00:00:00,5,0
1873,336,6,2022/12/14 00:00:00,4,0
1874,455,20,2022/12/14 00:00:00,5,0
1875,376,9,2022/12/14 00:00:00,5,1
1876,365,20,2022/12/14 00:00:00,3,1
1877,288,13,2022/12/14 00:00:00,1,0
1878,19,22,2022/12/14 00:00:00,3,0
1879,43,21,2022/12/14 00:00:00,3,0
1880,171,19,2022/12/14 00:00:00,4,1
1881,284,1,2022/12/14 00:00:00,5,1
1882,263,24,2022/12/14 00:00:00,5,0
1883,426,17,2022/12/14 00:00:00,3,1
1884,307,1,2022/12/14 00:00:00,2,1
1885,306,13,2022/12/14 00:00:00,2,1
1886,409,20,2022/12/14 00:00:00,5,1
1887,391,21,2022/12/14 00:00:00,1,1
1888,294,22,2022/12/14 00:00:00,2,0
1889,152,8,2022/12/14 00:00:00,1,0
1890,49,19,2022/12/14 00:00:00,1,1
1891,237,30,2022/12/14 00:00:00,4,1
1892,155,18,2022/12/14 00:00:00,1,1
1893,393,7,2022/12/14 00:00:00,4,0
1894,43,29,2022/12/14 00:00:00,2,0
1895,362,26,2022/12/14 00:00:00,3,1
1896,395,10,2022/12/14 00:00:00,3,1
1897,187,1,2022/12/14 00:00:00,3,0
1898,480,17,2022/12/14 00:00:00,3,1
1899,73,21,2022/12/14 00:00:00,4,0
1900,47,13,2022/12/14 00:00:00,2,0
1901,144,26,2022/12/14 00:00:00,4,1
1902,481,21,2022/12/14 00:00:00,1,0
1903,159,2,2022/12/14 00:00:00,1,0
1904,255,31,2022/12/14 00:00:00,2,0
1905,60,25,2022/12/14 00:00:00,1,1
1906,89,3,2022/12/14 00:00:00,1,1
1907,86,13,2022/12/14 00:00:00,1,1
1908,483,29,2022/12/14 00:00:00,1,1
1909,476,2,2022/12/14 00:00:00,5,1
1910,56,4,2022/12/14 00:00:00,3,1
1911,445,27,2022/12/14 00:00:00,5,1
1912,226,16,2022/12/14 00:00:00,2,1
1913,449,18,2022/12/14 00:00:00,2,0
1914,170,5,2022/12/14 00:00:00,1,0
1915,109,25,2022/12/14 00:00:00,5,0
1916,338,13,2022/12/14 00:00:00,4,1
1917,9,19,2022/12/14 00:00:00,1,0
1918,66,9,2022/12/14 00:00:00,4,1
1919,364,14,2022/12/14 00:00:00,3,1
1920,202,6,2022/12/14 00:00:00,3,1
1921,375,9,2022/12/14 00:00:00,4,0
1922,86,15,2022/12/14 00:00:00,1,1
1923,279,25,2022/12/14 00:00:00,5,0
1924,297,25,2022/12/14 00:00:00,1,0
1925,317,22,2022/12/14 00:00:00,3,0
1926,290,14,2022/12/14 00:00:00,2,1
1927,344,6,2022/12/14 00:00:00,3,1
1928,249,24,2022/12/14 00:00:00,2,1
1929,310,18,2022/12/14 00:00:00,5,0
1930,392,6,2022/12/14 00:00:00,3,1
1931,49,9,2022/12/14 00:00:00,4,0
1932,191,1,2022/12/14 00:00:00,1,1
1933,367,1,2022/12/14 00:00:00,5,1
1934,359,24,2022/12/14 00:00:00,2,0
1935,167,1,2022/12/14 00:00:00,1,1
1936,45,23,2022/12/14 00:00:00,5,0
1937,467,10,2022/12/14 00:00:00,4,1
1938,356,7,2022/12/14 00:00:00,4,1
1939,439,13,2022/12/14 00:00:00,1,0
1940,244,11,2022/12/14 00:00:00,4,0
1941,344,3,2022/12/14 00:00:00,1,0
1942,244,27,2022/12/14 00:00:00,2,0
1943,470,22,2022/12/14 00:00:00,3,0
1944,224,13,2022/12/14 00:00:00,5,1
1945,91,28,2022/12/14 00:00:00,2,1
1946,331,32,2022/12/14 00:00:00,2,0
1947,472,24,2022/12/14 00:00:00,3,1
1948,288,32,2022/12/14 00:00:00,4,0
1949,488,1,2022/12/14 00:00:00,1,1
1950,450,30,2022/12/14 00:00:00,5,0
1951,116,17,2022/12/14 00:00:00,3,0
1952,161,19,2022/12/14 00:00:00,4,1
1953,322,1,2022/12/14 00:00:00,5,0
1954,446,2,2022/12/14 00:00:00,3,0
1955,483,1,2022/12/14 00:00:00,1,0
1956,291,21,2022/12/14 00:00:00,2,1
1957,401,19,2022/12/14 00:00:00,3,0
1958,254,31,2022/12/14 00:00:00,1,0
1959,77,17,2022/12/14 00:00:00,1,0
1960,291,26,2022/12/14 00:00:00,4,1
1961,47,2,2022/12/14 00:00:00,1,1
1962,233,4,2022/12/14 00:00:00,5,0
1963,490,30,2022/12/14 00:00:00,5,1
1964,283,15,2022/12/14 00:00:00,5,1
1965,82,12,2022/12/14 00:00:00,2,1
1966,319,27,2022/12/14 00:00:00,3,1
1967,442,33,2022/12/14 00:00:00,3,1
1968,31,33,2022/12/14 00:00:00,4,1
1969,379,19,2022/12/14 00:00:00,4,1
1970,32,18,2022/12/14 00:00:00,2,0
1971,334,13,2022/12/14 00:00:00,3,1
1972,299,22,2022/12/14 00:00:00,1,1
1973,118,31,2022/12/14 00:00:00,3,0
1974,388,30,2022/12/14 00:00:00,5,0
1975,143,7,2022/12/14 00:00:00,3,0
1976,406,26,2022/12/14 00:00:00,4,1
1977,408,22,2022/12/14 00:00:00,4,1
1978,358,22,2022/12/14 00:00:00,2,0
1979,413,8,2022/12/14 00:00:00,1,0
1980,3,20,2022/12/14 00:00:00,1,1
1981,75,7,2022/12/14 00:00:00,3,1
1982,189,18,2022/12/14 00:00:00,3,1
1983,202,24,2022/12/14 00:00:00,4,0
1984,7,19,2022/12/14 00:00:00,1,0
1985,458,18,2022/12/14 00:00:00,3,1
1986,470,13,2022/12/14 00:00:00,1,0
1987,274,6,2022/12/14 00:00:00,2,1
1988,236,10,2022/12/14 00:00:00,4,1
1989,450,18,2022/12/14 00:00:00,3,0
1990,450,12,2022/12/14 00:00:00,1,1
1991,467,2,2022/12/14 00:00:00,5,0
1992,186,7,2022/12/14 00:00:00,3,1
1993,258,11,2022/12/14 00:00:00,3,0
1994,174,13,2022/12/14 00:00:00,5,0
1995,197,32,2022/12/14 00:00:00,3,0
1996,246,28,2022/12/14 00:00:00,2,0
1997,42,12,2022/12/14 00:00:00,3,0
1998,447,31,2022/12/14 00:00:00,1,0
1999,280,9,2022/12/14 00:00:00,2,0
2000,24,8,2022/12/14 00:00:00,2,1
2001,434,25,2022/12/14 00:00:00,5,1
2002,134,14,2022/12/14 00:00:00,4,1
2003,224,18,2022/12/14 00:00:00,3,0
2004,159,28,2022/12/14 00:00:00,2,0
2005,137,8,2022/12/14 00:00:00,3,0
2006,227,4,2022/12/14 00:00:00,1,1
2007,302,3,2022/12/14 00:00:00,3,0
2008,286,1,2022/12/14 00:00:00,4,0
2009,339,6,2022/12/14 00:00:00,4,0
2010,166,24,2022/12/14 00:00:00,3,0
2011,293,33,2022/12/14 00:00:00,5,0
2012,99,12,2022/12/14 00:00:00,3,1
2013,497,31,2022/12/14 00:00:00,1,1
2014,408,14,2022/12/14 00:00:00,3,0
2015,376,28,2022/12/14 00:00:00,3,1
2016,359,19,2022/12/14 00:00:00,4,1
2017,14,9,2022/12/14 00:00:00,3,0
2018,399,11,2022/12/14 00:00:00,4,0
2019,77,15,2022/12/14 00:00:00,2,0
2020,164,12,2022/12/14 00:00:00,5,0
2021,477,13,2022/12/14 00:00:00,3,0
2022,200,25,2022/12/14 00:00:00,3,0
2023,444,22,2022/12/14 00:00:00,3,0
2024,147,19,2022/12/14 00:00:00,2,1
2025,285,24,2022/12/14 00:00:00,1,0
2026,180,12,2022/12/14 00:00:00,3,1
2027,113,3,2022/12/14 00:00:00,2,0
2028,292,24,2022/12/14 00:00:00,4,1
2029,452,4,2022/12/14 00:00:00,5,0
2030,302,18,2022/12/14 00:00:00,3,0
2031,457,9,2022/12/14 00:00:00,1,0
2032,407,13,2022/12/14 00:00:00,2,1
2033,249,18,2022/12/14 00:00:00,1,0
2034,52,23,2022/12/14 00:00:00,2,0
2035,14,15,2022/12/14 00:00:00,1,1
2036,113,15,2022/12/14 00:00:00,1,0
2037,5,12,2022/12/14 00:00:00,5,1
2038,405,31,2022/12/14 00:00:00,5,0
2039,480,27,2022/12/14 00:00:00,4,0
2040,62,19,2022/12/14 00:00:00,2,1
2041,360,7,2022/12/14 00:00:00,1,0
2042,171,26,2022/12/14 00:00:00,4,1
2043,256,32,2022/12/14 00:00:00,1,0
2044,240,20,2022/12/14 00:00:00,2,1
2045,326,15,2022/12/14 00:00:00,1,1
2046,40,10,2022/12/14 00:00:00,4,1
2047,212,18,2022/12/14 00:00:00,5,1
2048,147,15,2022/12/14 00:00:00,3,1
2049,289,12,2022/12/14 00:00:00,1,0
2050,477,6,2022/12/14 00:00:00,1,1
2051,189,31,2022/12/14 00:00:00,5,0
2052,216,6,2022/12/14 00:00:00,1,0
2053,32,18,2022/12/14 00:00:00,5,1
2054,138,1,2022/12/14 00:00:00,4,1
2055,144,16,2022/12/14 00:00:00,4,0
2056,491,21,2022/12/14 00:00:00,1,0
2057,115,22,2022/12/14 00:00:00,2,0
2058,174,18,2022/12/14 00:00:00,2,1
2059,258,29,2022/12/14 00:00:00,5,1
2060,222,21,2022/12/14 00:00:00,3,0
2061,316,26,2022/12/14 00:00:00,3,0
2062,82,23,2022/12/14 00:00:00,1,0
2063,346,19,2022/12/14 00:00:00,1,0
2064,398,17,2022/12/14 00:00:00,3,0
2065,107,24,2022/12/14 00:00:00,2,0
2066,273,18,2022/12/14 00:00:00,2,0
2067,204,2,2022/12/14 00:00:00,3,0
2068,94,9,2022/12/14 00:00:00,2,1
2069,170,12,2022/12/14 00:00:00,2,0
2070,83,10,2022/12/14 00:00:00,4,1
2071,278,13,2022/12/14 00:00:00,2,0
2072,402,1,2022/12/14 00:00:00,3,0
2073,152,30,2022/12/14 00:00:00,4,0
2074,103,24,2022/12/14 00:00:00,3,0
2075,306,17,2022/12/14 00:00:00,3,1
2076,164,2,2022/12/14 00:00:00,3,1
2077,462,23,2022/12/14 00:00:00,4,0
2078,229,33,2022/12/14 00:00:00,1,0
2079,28,29,2022/12/14 00:00:00,5,1
2080,453,33,2022/12/14 00:00:00,1,1
2081,473,10,2022/12/14 00:00:00,1,0
2082,25,8,2022/12/14 00:00:00,5,0
2083,231,17,2022/12/14 00:00:00,1,0
2084,330,33,2022/12/14 00:00:00,5,1
2085,69,4,2022/12/14 00:00:00,2,0
2086,423,3,2022/12/14 00:00:00,4,0
2087,236,5,2022/12/14 00:00:00,5,1
2088,228,29,2022/12/14 00:00:00,5,0
2089,405,19,2022/12/14 00:00:00,5,0
2090,100,1,2022/12/14 00:00:00,5,1
2091,199,21,2022/12/14 00:00:00,2,1
2092,359,32,2022/12/14 00:00:00,1,0
2093,112,33,2022/12/14 00:00:00,5,0
2094,76,4,2022/12/14 00:00:00,5,1
2095,176,25,2022/12/14 00:00:00,4,0
2096,477,17,2022/12/14 00:00:00,5,1
2097,186,9,2022/12/14 00:00:00,4,0
2098,119,16,2022/12/14 00:00:00,3,1
2099,151,19,2022/12/14 00:00:00,1,0
2100,263,24,2022/12/14 00:00:00,2,1
2101,415,3,2022/12/14 00:00:00,3,0
2102,319,22,2022/12/14 00:00:00,2,0
2103,396,19,2022/12/14 00:00:00,5,0
2104,47,29,2022/12/14 00:00:00,4,0
2105,355,12,2022/12/14 00:00:00,3,0
2106,106,9,2022/12/14 00:00:00,5,0
2107,105,10,2022/12/14 00:00:00,2,1
2108,95,2,2022/12/14 00:00:00,2,0
2109,434,4,2022/12/14 00:00:00,1,1
2110,306,33,2022/12/14 00:00:00,5,0
2111,47,8,2022/12/14 00:00:00,5,0
2112,495,19,2022/12/14 00:00:00,5,0
2113,120,7,2022/12/14 00:00:00,3,0
2114,197,16,2022/12/14 00:00:00,2,1
2115,208,16,2022/12/14 00:00:00,5,0
2116,412,31,2022/12/14 00:00:00,2,0
2117,353,23,2022/12/14 00:00:00,1,0
2118,258,32,2022/12/14 00:00:00,2,1
2119,21,16,2022/12/14 00:00:00,3,1
2120,114,10,2022/12/14 00:00:00,3,1
2121,429,16,2022/12/14 00:00:00,2,0
2122,488,12,2022/12/14 00:00:00,5,1
2123,279,10,2022/12/14 00:00:00,5,1
2124,95,23,2022/12/14 00:00:00,4,0
2125,355,26,2022/12/14 00:00:00,1,0
2126,187,13,2022/12/14 00:00:00,3,1
2127,16,23,2022/12/14 00:00:00,3,1
2128,63,2,2022/12/14 00:00:00,1,1
2129,331,11,2022/12/14 00:00:00,2,0
2130,317,29,2022/12/14 00:00:00,2,0
2131,176,16,2022/12/14 00:00:00,5,1
2132,16,32,2022/12/14 00:00:00,5,0
2133,74,12,2022/12/14 00:00:00,4,1
2134,457,25,2022/12/14 00:00:00,5,0
2135,436,24,2022/12/14 00:00:00,3,1
2136,93,30,2022/12/14 00:00:00,4,0
2137,283,31,2022/12/14 00:00:00,1,0
2138,218,21,2022/12/14 00:00:00,2,1
2139,85,19,2022/12/14 00:00:00,4,0
2140,457,7,2022/12/14 00:00:00,3,1
2141,244,16,2022/12/14 00:00:00,1,1
2142,425,28,2022/12/14 00:00:00,3,0
2143,422,16,2022/12/14 00:00:00,4,1
2144,310,18,2022/12/14 00:00:00,1,0
2145,199,5,2022/12/14 00:00:00,4,1
2146,263,11,2022/12/14 00:00:00,4,0
2147,375,23,2022/12/14 00:00:00,2,1
2148,94,18,2022/12/14 00:00:00,5,0
2149,62,31,2022/12/14 00:00:00,1,1
2150,392,10,2022/12/14 00:00:00,2,1
2151,31,4,2022/12/14 00:00:00,4,1
2152,53,28,2022/12/14 00:00:00,3,0
2153,478,27,2022/12/14 00:00:00,1,0
2154,496,1,2022/12/14 00:00:00,2,0
2155,226,19,2022/12/14 00:00:00,3,0
2156,42,26,2022/12/14 00:00:00,4,0
2157,348,19,2022/12/14 00:00:00,5,1
2158,244,31,2022/12/14 00:00:00,2,1
2159,466,1,2022/12/14 00:00:00,2,1
2160,163,29,2022/12/14 00:00:00,2,0
2161,41,26,2022/12/14 00:00:00,3,0
2162,426,11,2022/12/14 00:00:00,2,1
2163,466,3,2022/12/14 00:00:00,5,1
2164,1,27,2022/12/14 00:00:00,4,0
2165,365,27,2022/12/14 00:00:00,4,0
2166,3,12,2022/12/14 00:00:00,4,0
2167,9,23,2022/12/14 00:00:00,5,1
2168,362,11,2022/12/14 00:00:00,3,0
2169,465,6,2022/12/14 00:00:00,5,1
2170,311,12,2022/12/14 00:00:00,4,1
2171,78,25,2022/12/14 00:00:00,5,1
2172,331,20,2022/12/14 00:00:00,3,1
2173,86,32,2022/12/14 00:00:00,2,0
2174,393,1,2022/12/14 00:00:00,2,1
2175,137,19,2022/12/14 00:00:00,1,0
2176,334,1,2022/12/14 00:00:00,5,0
2177,165,28,2022/12/14 00:00:00,3,0
2178,71,4,2022/12/14 00:00:00,3,1
2179,163,7,2022/12/14 00:00:00,4,1
2180,91,26,2022/12/14 00:00:00,3,1
2181,174,29,2022/12/14 00:00:00,2,0
2182,320,2,2022/12/14 00:00:00,4,0
2183,39,17,2022/12/14 00:00:00,3,0
2184,333,20,2022/12/14 00:00:00,1,0
2185,347,13,2022/12/14 00:00:00,4,1
2186,358,4,2022/12/14 00:00:00,1,1
2187,374,4,2022/12/14 00:00:00,4,1
2188,451,6,2022/12/14 00:00:00,1,1
2189,93,12,2022/12/14 00:00:00,5,1
2190,244,10,2022/12/14 00:00:00,3,1
2191,413,12,2022/12/14 00:00:00,2,1
2192,270,26,2022/12/14 00:00:00,4,0
2193,239,25,2022/12/14 00:00:00,1,0
2194,360,26,2022/12/14 00:00:00,1,1
2195,380,12,2022/12/14 00:00:00,3,1
2196,351,24,2022/12/14 00:00:00,4,0
2197,77,10,2022/12/14 00:00:00,1,1
2198,376,12,2022/12/14 00:00:00,4,0
2199,193,33,2022/12/14 00:00:00,4,1
2200,287,9,2022/12/14 00:00:00,4,0
2201,239,20,2022/12/14 00:00:00,1,0
2202,311,5,2022/12/14 00:00:00,2,0
2203,229,28,2022/12/14 00:00:00,1,1
2204,359,8,2022/12/14 00:00:00,4,1
2205,40,3,2022/12/14 00:00:00,5,0
2206,138,11,2022/12/14 00:00:00,3,0
2207,494,16,2022/12/14 00:00:00,2,0
2208,378,11,2022/12/14 00:00:00,4,0
2209,17,3,2022/12/14 00:00:00,5,1
2210,58,33,2022/12/14 00:00:00,3,1
2211,290,14,2022/12/14 00:00:00,2,0
2212,105,29,2022/12/14 00:00:00,3,0
2213,410,18,2022/12/14 00:00:00,3,1
2214,290,26,2022/12/14 00:00:00,3,0
2215,221,20,2022/12/14 00:00:00,3,0
2216,47,31,2022/12/14 00:00:00,2,0
2217,306,13,2022/12/14 00:00:00,4,1
2218,253,14,2022/12/14 00:00:00,3,0
2219,491,23,2022/12/14 00:00:00,2,0
2220,305,7,2022/12/14 00:00:00,4,1
2221,476,14,2022/12/14 00:00:00,2,1
2222,167,17,2022/12/14 00:00:00,5,1
2223,435,12,2022/12/14 00:00:00,4,0
2224,180,13,2022/12/14 00:00:00,4,0
2225,137,24,2022/12/14 00:00:00,5,0
2226,455,31,2022/12/14 00:00:00,2,0
2227,55,28,2022/12/14 00:00:00,4,1
2228,411,12,2022/12/14 00:00:00,2,1
2229,175,14,2022/12/14 00:00:00,5,1
2230,43,10,2022/12/14 00:00:00,5,1
2231,305,7,2022/12/14 00:00:00,5,1
2232,13,14,2022/12/14 00:00:00,1,1
2233,198,15,2022/12/14 00:00:00,1,1
2234,318,15,2022/12/14 00:00:00,4,1
2235,31,7,2022/12/14 00:00:00,3,0
2236,421,16,2022/12/14 00:00:00,3,0
2237,355,6,2022/12/14 00:00:00,4,1
2238,211,22,2022/12/14 00:00:00,3,1
2239,368,6,2022/12/14 00:00:00,1,0
2240,44,24,2022/12/14 00:00:00,5,0
2241,388,19,2022/12/14 00:00:00,4,1
2242,487,24,2022/12/14 00:00:00,1,1
2243,393,1,2022/12/14 00:00:00,1,0
2244,263,5,2022/12/14 00:00:00,2,0
2245,49,8,2022/12/14 00:00:00,4,1
2246,143,2,2022/12/14 00:00:00,4,0
2247,45,14,2022/12/14 00:00:00,4,0
2248,192,28,2022/12/14 00:00:00,5,1
2249,106,33,2022/12/14 00:00:00,1,1
2250,345,17,2022/12/14 00:00:00,1,0
2251,320,26,2022/12/14 00:00:00,5,0
2252,43,18,2022/12/14 00:00:00,3,0
2253,299,1,2022/12/14 00:00:00,5,1
2254,279,22,2022/12/14 00:00:00,3,1
2255,311,25,2022/12/14 00:00:00,1,0
2256,296,29,2022/12/14 00:00:00,2,0
2257,479,4,2022/12/14 00:00:00,3,1
2258,479,3,2022/12/14 00:00:00,2,1
2259,70,4,2022/12/14 00:00:00,4,1
2260,87,20,2022/12/14 00:00:00,5,1
2261,15,11,2022/12/14 00:00:00,3,1
2262,373,29,2022/12/14 00:00:00,3,0
2263,174,7,2022/12/14 00:00:00,5,0
2264,149,2,2022/12/14 00:00:00,3,1
2265,163,32,2022/12/14 00:00:00,1,1
2266,188,10,2022/12/14 00:00:00,1,1
2267,75,12,2022/12/14 00:00:00,2,0
2268,181,7,2022/12/14 00:00:00,2,0
2269,198,31,2022/12/14 00:00:00,4,0
2270,202,3,2022/12/14 00:00:00,2,0
2271,9,8,2022/12/14 00:00:00,2,1
2272,62,18,2022/12/14 00:00:00,2,0
2273,148,7,2022/12/14 00:00:00,4,0
2274,385,13,2022/12/14 00:00:00,5,1
2275,418,14,2022/12/14 00:00:00,5,1
2276,261,31,2022/12/14 00:00:00,1,0
2277,20,14,2022/12/14 00:00:00,2,0
2278,97,14,2022/12/14 00:00:00,5,1
2279,23,9,2022/12/14 00:00:00,3,1
2280,78,23,2022/12/14 00:00:00,1,1
2281,54,20,2022/12/14 00:00:00,5,1
2282,291,13,2022/12/14 00:00:00,2,0
2283,207,1,2022/12/14 00:00:00,2,0
2284,141,18,2022/12/14 00:00:00,2,1
2285,153,15,2022/12/14 00:00:00,2,0
2286,359,20,2022/12/14 00:00:00,3,1
2287,355,33,2022/12/14 00:00:00,4,1
2288,440,15,2022/12/14 00:00:00,3,1
2289,73,18,2022/12/14 00:00:00,2,0
2290,31,20,2022/12/14 00:00:00,1,0
2291,145,28,2022/12/14 00:00:00,5,0
2292,404,19,2022/12/14 00:00:00,2,1
2293,443,6,2022/12/14 00:00:00,4,1
2294,168,25,2022/12/14 00:00:00,3,0
2295,9,6,2022/12/14 00:00:00,2,0
2296,453,27,2022/12/14 00:00:00,3,0
2297,277,10,2022/12/14 00:00:00,5,0
2298,142,9,2022/12/14 00:00:00,2,1
2299,416,26,2022/12/14 00:00:00,2,0
2300,337,14,2022/12/14 00:00:00,5,1
2301,495,11,2022/12/14 00:00:00,5,0
2302,340,25,2022/12/14 00:00:00,5,0
2303,97,2,2022/12/14 00:00:00,2,0
2304,161,32,2022/12/14 00:00:00,4,0
2305,340,16,2022/12/14 00:00:00,3,1
2306,356,29,2022/12/14 00:00:00,3,1
2307,152,21,2022/12/14 00:00:00,4,0
2308,192,16,2022/12/14 00:00:00,1,0
2309,434,8,2022/12/14 00:00:00,1,1
2310,235,9,2022/12/14 00:00:00,5,0
2311,324,3,2022/12/14 00:00:00,4,0
2312,189,2,2022/12/14 00:00:00,1,1
2313,171,15,2022/12/14 00:00:00,3,1
2314,474,22,2022/12/14 00:00:00,4,1
2315,271,12,2022/12/14 00:00:00,3,0
2316,364,7,2022/12/14 00:00:00,3,0
2317,156,28,2022/12/14 00:00:00,1,0
2318,400,24,2022/12/14 00:00:00,1,0
2319,167,8,2022/12/14 00:00:00,2,0
2320,54,26,2022/12/14 00:00:00,2,1
2321,367,12,2022/12/14 00:00:00,5,0
2322,368,24,2022/12/14 00:00:00,4,1
2323,333,13,2022/12/14 00:00:00,5,1
2324,158,29,2022/12/14 00:00:00,2,0
2325,384,12,2022/12/14 00:00:00,4,0
2326,461,10,2022/12/14 00:00:00,1,1
2327,138,32,2022/12/14 00:00:00,2,1
2328,395,20,2022/12/14 00:00:00,5,0
2329,478,1,2022/12/14 00:00:00,5,0
2330,100,28,2022/12/14 00:00:00,5,0
2331,302,29,2022/12/14 00:00:00,1,0
2332,451,18,2022/12/14 00:00:00,5,0
2333,241,25,2022/12/14 00:00:00,5,0
2334,409,19,2022/12/14 00:00:00,3,0
2335,348,32,2022/12/14 00:00:00,3,1
2336,343,6,2022/12/14 00:00:00,2,1
2337,217,5,2022/12/14 00:00:00,2,0
2338,220,4,2022/12/14 00:00:00,3,1
2339,397,16,2022/12/14 00:00:00,4,1
2340,423,14,2022/12/14 00:00:00,3,0
2341,24,7,2022/12/14 00:00:00,4,0
2342,32,32,2022/12/14 00:00:00,1,1
2343,283,18,2022/12/14 00:00:00,5,0
2344,466,12,2022/12/14 00:00:00,5,0
2345,53,8,2022/12/14 00:00:00,4,0
2346,120,10,2022/12/14 00:00:00,4,1
2347,22,25,2022/12/14 00:00:00,1,0
2348,306,31,2022/12/14 00:00:00,2,0
2349,382,29,2022/12/14 00:00:00,5,1
2350,361,5,2022/12/14 00:00:00,4,1
2351,176,5,2022/12/14 00:00:00,5,1
2352,86,33,2022/12/14 00:00:00,4,1
2353,141,15,2022/12/14 00:00:00,1,0
2354,379,7,2022/12/14 00:00:00,2,0
2355,65,22,2022/12/14 00:00:00,5,0
2356,197,12,2022/12/14 00:00:00,1,0
2357,308,4,2022/12/14 00:00:00,4,0
2358,339,21,2022/12/14 00:00:00,5,1
2359,370,28,2022/12/14 00:00:00,5,1
2360,24,4,2022/12/14 00:00:00,1,0
2361,114,8,2022/12/14 00:00:00,5,0
2362,244,7,2022/12/14 00:00:00,4,1
2363,4,2,2022/12/14 00:00:00,3,1
2364,95,9,2022/12/14 00:00:00,3,0
2365,171,17,2022/12/14 00:00:00,1,1
2366,124,18,2022/12/14 00:00:00,3,1
2367,84,4,2022/12/14 00:00:00,3,1
2368,172,7,2022/12/14 00:00:00,4,1
2369,432,32,2022/12/14 00:00:00,1,0
2370,249,29,2022/12/14 00:00:00,4,0
2371,194,12,2022/12/14 00:00:00,5,1
2372,350,14,2022/12/14 00:00:00,1,0
2373,390,8,2022/12/14 00:00:00,5,0
2374,148,9,2022/12/14 00:00:00,4,1
2375,69,31,2022/12/14 00:00:00,2,1
2376,117,18,2022/12/14 00:00:00,3,0
2377,454,18,2022/12/14 00:00:00,5,1
2378,4,9,2022/12/14 00:00:00,2,1
2379,83,7,2022/12/14 00:00:00,4,1
2380,46,25,2022/12/14 00:00:00,5,0
2381,278,27,2022/12/14 00:00:00,5,1
2382,82,27,2022/12/14 00:00:00,1,1
2383,332,31,2022/12/14 00:00:00,3,0
2384,409,31,2022/12/14 00:00:00,3,0
2385,155,20,2022/12/14 00:00:00,3,0
2386,275,18,2022/12/14 00:00:00,5,0
2387,75,31,2022/12/14 00:00:00,4,1
2388,157,24,2022/12/14 00:00:00,4,0
2389,456,21,2022/12/14 00:00:00,4,1
2390,367,23,2022/12/14 00:00:00,5,0
2391,273,4,2022/12/14 00:00:00,1,1
2392,344,22,2022/12/14 00:00:00,2,0
2393,225,22,2022/12/14 00:00:00,5,0
2394,97,16,2022/12/14 00:00:00,1,0
2395,261,23,2022/12/14 00:00:00,1,0
2396,350,24,2022/12/14 00:00:00,3,1
2397,319,5,2022/12/14 00:00:00,1,0
2398,225,33,2022/12/14 00:00:00,5,1
2399,193,26,2022/12/14 00:00:00,3,0
2400,133,4,2022/12/14 00:00:00,3,0
2401,472,28,2022/12/14 00:00:00,3,1
2402,315,28,2022/12/14 00:00:00,3,1
2403,445,19,2022/12/14 00:00:00,5,1
2404,455,21,2022/12/14 00:00:00,3,1
2405,240,1,2022/12/14 00:00:00,4,1
2406,66,17,2022/12/14 00:00:00,2,0
2407,442,17,2022/12/14 00:00:00,5,1
2408,306,22,2022/12/14 00:00:00,1,0
2409,98,7,2022/12/14 00:00:00,2,1
2410,141,33,2022/12/14 00:00:00,5,1
2411,67,5,2022/12/14 00:00:00,5,0
2412,42,26,2022/12/14 00:00:00,4,1
2413,458,30,2022/12/14 00:00:00,4,1
2414,484,12,2022/12/14 00:00:00,5,0
2415,143,20,2022/12/14 00:00:00,3,1
2416,183,28,2022/12/14 00:00:00,1,1
2417,328,23,2022/12/14 00:00:00,3,1
2418,210,9,2022/12/14 00:00:00,4,1
2419,52,3,2022/12/14 00:00:00,3,1
2420,299,29,2022/12/14 00:00:00,4,0
2421,409,18,2022/12/14 00:00:00,3,0
2422,234,15,2022/12/14 00:00:00,2,1
2423,174,19,2022/12/14 00:00:00,4,1
2424,183,16,2022/12/14 00:00:00,1,1
2425,201,25,2022/12/14 00:00:00,1,1
2426,7,4,2022/12/14 00:00:00,1,1
2427,368,25,2022/12/14 00:00:00,4,1
2428,387,20,2022/12/14 00:00:00,3,1
2429,34,10,2022/12/14 00:00:00,3,0
2430,19,19,2022/12/14 00:00:00,1,1
2431,328,22,2022/12/14 00:00:00,4,0
2432,57,24,2022/12/14 00:00:00,5,1
2433,156,16,2022/12/14 00:00:00,5,0
2434,126,14,2022/12/14 00:00:00,4,0
2435,276,22,2022/12/14 00:00:00,5,1
2436,267,28,2022/12/14 00:00:00,5,0
2437,342,16,2022/12/14 00:00:00,4,1
2438,482,12,2022/12/14 00:00:00,2,0
2439,109,28,2022/12/14 00:00:00,1,0
2440,410,30,2022/12/14 00:00:00,2,1
2441,158,13,2022/12/14 00:00:00,5,0
2442,190,18,2022/12/14 00:00:00,2,0
2443,236,23,2022/12/14 00:00:00,5,0
2444,271,1,2022/12/14 00:00:00,3,0
2445,90,3,2022/12/14 00:00:00,3,1
2446,398,14,2022/12/14 00:00:00,1,1
2447,239,7,2022/12/14 00:00:00,4,0
2448,413,9,2022/12/14 00:00:00,1,0
2449,230,16,2022/12/14 00:00:00,3,0
2450,44,28,2022/12/14 00:00:00,5,0
2451,429,3,2022/12/14 00:00:00,2,1
2452,405,4,2022/12/14 00:00:00,1,0
2453,255,23,2022/12/14 00:00:00,2,0
2454,122,27,2022/12/14 00:00:00,5,1
2455,109,22,2022/12/14 00:00:00,2,1
2456,317,6,2022/12/14 00:00:00,3,1
2457,70,33,2022/12/14 00:00:00,1,0
2458,177,33,2022/12/14 00:00:00,1,0
2459,116,28,2022/12/14 00:00:00,5,0
2460,149,1,2022/12/14 00:00:00,4,0
2461,177,18,2022/12/14 00:00:00,1,0
2462,317,27,2022/12/14 00:00:00,5,0
2463,1,3,2022/12/14 00:00:00,4,0
2464,60,2,2022/12/14 00:00:00,4,0
2465,420,8,2022/12/14 00:00:00,2,0
2466,403,28,2022/12/14 00:00:00,1,1
2467,440,15,2022/12/14 00:00:00,3,1
2468,27,14,2022/12/14 00:00:00,2,0
2469,213,29,2022/12/14 00:00:00,4,0
2470,161,27,2022/12/14 00:00:00,1,1
2471,97,17,2022/12/14 00:00:00,2,1
2472,183,25,2022/12/14 00:00:00,4,0
2473,36,20,2022/12/14 00:00:00,5,0
2474,222,25,2022/12/14 00:00:00,5,1
2475,362,28,2022/12/14 00:00:00,1,0
2476,436,23,2022/12/14 00:00:00,5,0
2477,392,19,2022/12/14 00:00:00,2,0
2478,41,21,2022/12/14 00:00:00,1,1
2479,349,4,2022/12/14 00:00:00,1,1
2480,81,26,2022/12/14 00:00:00,5,0
2481,131,2,2022/12/14 00:00:00,4,1
2482,417,16,2022/12/14 00:00:00,4,0
2483,97,13,2022/12/14 00:00:00,3,1
2484,218,6,2022/12/14 00:00:00,3,0
2485,351,31,2022/12/14 00:00:00,3,1
2486,322,4,2022/12/14 00:00:00,5,1
2487,142,15,2022/12/14 00:00:00,1,1
2488,416,27,2022/12/14 00:00:00,3,0
2489,87,27,2022/12/14 00:00:00,1,1
2490,369,14,2022/12/14 00:00:00,3,0
2491,199,4,2022/12/14 00:00:00,4,1
2492,291,20,2022/12/14 00:00:00,1,0
2493,367,5,2022/12/14 00:00:00,2,1
2494,249,17,2022/12/14 00:00:00,3,1
2495,464,9,2022/12/14 00:00:00,2,0
2496,352,32,2022/12/14 00:00:00,1,0
2497,303,13,2022/12/14 00:00:00,5,1
2498,305,33,2022/12/14 00:00:00,1,1
2499,473,2,2022/12/14 00:00:00,1,0
2500,102,4,2022/12/14 00:00:00,1,1
